"sample_id","Homo_zygote_gain","Hemi_zygote_gain","NoChange","Hemi_zygote_loss","Homo_zygote_loss","type_status","HoGain","HeGain","HeLoss","HoLoss","CNV_Changed","Gain","Loss","CNV_D","CNV_Status","Gain_n","Loss_n","Loss_ov_Gain","Loss_eq_Gain","Condition","QuantileThreshold","Cluster"
"TCGA.2A.A8VL.01",0,0,23770,0,1006,TRUE,FALSE,FALSE,FALSE,TRUE,1,FALSE,TRUE,1,2,0,1,TRUE,FALSE,0.040603810138844,"(0.031,0.0836]",2
"TCGA.2A.A8VO.01",0,0,24120,0,656,FALSE,FALSE,FALSE,FALSE,TRUE,1,FALSE,TRUE,1,2,0,1,TRUE,FALSE,0.0264772360348725,"[0,0.031]",1
"TCGA.2A.A8VT.01",0,1313,16088,7373,2,FALSE,FALSE,TRUE,TRUE,FALSE,2,TRUE,TRUE,2,0,1,1,FALSE,FALSE,0.350661930900872,"(0.184,0.791]",4
"TCGA.2A.A8VV.01",8,548,23603,0,617,TRUE,TRUE,TRUE,FALSE,TRUE,3,TRUE,TRUE,2,0,2,1,TRUE,FALSE,0.0473442040684533,"(0.031,0.0836]",2
"TCGA.2A.A8VX.01",10,560,23474,0,732,TRUE,TRUE,TRUE,FALSE,TRUE,3,TRUE,TRUE,2,0,2,1,TRUE,FALSE,0.0525508556667743,"(0.031,0.0836]",2
"TCGA.2A.A8W1.01",0,554,22703,39,1480,TRUE,FALSE,TRUE,FALSE,TRUE,2,TRUE,TRUE,2,0,1,1,TRUE,FALSE,0.0836696803358088,"(0.0836,0.184]",3
"TCGA.2A.A8W3.01",44,465,22527,1729,11,TRUE,TRUE,TRUE,TRUE,FALSE,3,TRUE,TRUE,2,0,2,1,FALSE,FALSE,0.0907733290280917,"(0.0836,0.184]",3
"TCGA.2A.AAYF.01",23,0,24197,0,556,FALSE,TRUE,FALSE,FALSE,TRUE,2,TRUE,TRUE,2,0,1,1,TRUE,FALSE,0.0233693897319987,"[0,0.031]",1
"TCGA.2A.AAYO.01",0,0,24280,495,1,FALSE,FALSE,FALSE,FALSE,FALSE,0,FALSE,FALSE,0,0,0,0,TRUE,FALSE,0.0200193735873426,"[0,0.031]",1
"TCGA.2A.AAYU.01",5,0,23747,1010,14,TRUE,TRUE,FALSE,FALSE,FALSE,1,TRUE,FALSE,1,1,1,0,TRUE,FALSE,0.0415321278656765,"(0.031,0.0836]",2
"TCGA.4L.AA1F.01",22,8118,10138,6456,42,FALSE,TRUE,TRUE,TRUE,FALSE,3,TRUE,TRUE,2,0,2,1,FALSE,FALSE,0.590813690668389,"(0.184,0.791]",4
"TCGA.CH.5737.01",13,0,23687,1038,38,TRUE,TRUE,FALSE,TRUE,FALSE,2,TRUE,TRUE,2,0,1,1,TRUE,FALSE,0.0439538262835002,"(0.031,0.0836]",2
"TCGA.CH.5738.01",4,0,24758,0,14,FALSE,FALSE,FALSE,FALSE,FALSE,0,FALSE,FALSE,0,0,0,0,TRUE,FALSE,0.00072650952534711,"[0,0.031]",1
"TCGA.CH.5739.01",1148,0,22691,935,2,TRUE,TRUE,FALSE,FALSE,FALSE,1,TRUE,FALSE,1,1,1,0,FALSE,FALSE,0.0841540200193736,"(0.0836,0.184]",3
"TCGA.CH.5740.01",276,0,23121,0,1379,TRUE,TRUE,FALSE,FALSE,TRUE,2,TRUE,TRUE,2,0,1,1,TRUE,FALSE,0.0667985146916371,"(0.031,0.0836]",2
"TCGA.CH.5741.01",8,0,23471,0,1297,TRUE,TRUE,FALSE,FALSE,TRUE,2,TRUE,TRUE,2,0,1,1,TRUE,FALSE,0.0526719405876655,"(0.031,0.0836]",2
"TCGA.CH.5743.01",2,0,24774,0,0,FALSE,FALSE,FALSE,FALSE,FALSE,0,FALSE,FALSE,0,0,0,0,FALSE,FALSE,8.07232805941233e-05,"[0,0.031]",1
"TCGA.CH.5744.01",36,0,23351,1381,8,TRUE,TRUE,FALSE,TRUE,FALSE,2,TRUE,TRUE,2,0,1,1,FALSE,FALSE,0.0575153374233129,"(0.031,0.0836]",2
"TCGA.CH.5746.01",15,0,24532,0,229,FALSE,TRUE,FALSE,FALSE,TRUE,2,TRUE,TRUE,2,0,1,1,TRUE,FALSE,0.00984824023248305,"[0,0.031]",1
"TCGA.CH.5748.01",2,0,24048,0,726,FALSE,FALSE,FALSE,FALSE,TRUE,1,FALSE,TRUE,1,2,0,1,TRUE,FALSE,0.0293832741362609,"[0,0.031]",1
"TCGA.CH.5750.01",6,0,24455,0,315,FALSE,TRUE,FALSE,FALSE,TRUE,2,TRUE,TRUE,2,0,1,1,TRUE,FALSE,0.0129560865353568,"[0,0.031]",1
"TCGA.CH.5751.01",219,8346,6971,8471,769,FALSE,TRUE,TRUE,TRUE,TRUE,4,TRUE,TRUE,2,0,2,2,FALSE,FALSE,0.718639005489183,"(0.184,0.791]",4
"TCGA.CH.5752.01",40,0,23990,0,746,TRUE,TRUE,FALSE,FALSE,TRUE,2,TRUE,TRUE,2,0,1,1,TRUE,FALSE,0.0317242492734905,"(0.031,0.0836]",2
"TCGA.CH.5753.01",1016,0,18406,5353,1,FALSE,TRUE,FALSE,TRUE,FALSE,2,TRUE,TRUE,2,0,1,1,FALSE,FALSE,0.257103648692283,"(0.184,0.791]",4
"TCGA.CH.5754.01",294,1407,20406,2667,2,TRUE,TRUE,TRUE,TRUE,FALSE,3,TRUE,TRUE,2,0,2,1,FALSE,FALSE,0.17638036809816,"(0.0836,0.184]",3
"TCGA.CH.5761.01",128,2613,16911,5119,5,FALSE,TRUE,TRUE,TRUE,FALSE,3,TRUE,TRUE,2,0,2,1,FALSE,FALSE,0.31744430093639,"(0.184,0.791]",4
"TCGA.CH.5762.01",0,2089,21518,0,1169,TRUE,FALSE,TRUE,FALSE,TRUE,2,TRUE,TRUE,2,0,1,1,TRUE,FALSE,0.131498224087827,"(0.0836,0.184]",3
"TCGA.CH.5763.01",0,0,24766,0,10,FALSE,FALSE,FALSE,FALSE,FALSE,0,FALSE,FALSE,0,0,0,0,TRUE,FALSE,0.000403616402970617,"[0,0.031]",1
"TCGA.CH.5764.01",1,0,22919,1852,4,TRUE,FALSE,FALSE,TRUE,FALSE,1,FALSE,TRUE,1,2,0,1,TRUE,FALSE,0.0749515660316435,"(0.031,0.0836]",2
"TCGA.CH.5765.01",15,0,23741,1020,0,TRUE,TRUE,FALSE,TRUE,FALSE,2,TRUE,TRUE,2,0,1,1,FALSE,FALSE,0.0417742977074588,"(0.031,0.0836]",2
"TCGA.CH.5766.01",6,1721,19609,3440,0,FALSE,TRUE,TRUE,TRUE,FALSE,3,TRUE,TRUE,2,0,2,1,FALSE,FALSE,0.208548595414918,"(0.184,0.791]",4
"TCGA.CH.5767.01",491,0,23391,743,151,TRUE,TRUE,FALSE,FALSE,TRUE,2,TRUE,TRUE,2,0,1,1,FALSE,FALSE,0.0559008718114304,"(0.031,0.0836]",2
"TCGA.CH.5768.01",3,1165,22594,0,1014,TRUE,FALSE,TRUE,FALSE,TRUE,2,TRUE,TRUE,2,0,1,1,TRUE,FALSE,0.0880690991281886,"(0.0836,0.184]",3
"TCGA.CH.5769.01",53,0,24186,0,537,FALSE,TRUE,FALSE,FALSE,TRUE,2,TRUE,TRUE,2,0,1,1,TRUE,FALSE,0.0238133677752664,"[0,0.031]",1
"TCGA.CH.5771.01",12,4437,18964,475,888,FALSE,TRUE,TRUE,FALSE,TRUE,3,TRUE,TRUE,2,0,2,1,FALSE,FALSE,0.234581853406522,"(0.184,0.791]",4
"TCGA.CH.5772.01",5,2505,20815,1435,16,TRUE,TRUE,TRUE,TRUE,FALSE,3,TRUE,TRUE,2,0,2,1,FALSE,FALSE,0.159872457216661,"(0.0836,0.184]",3
"TCGA.CH.5788.01",291,3242,18581,2645,17,FALSE,TRUE,TRUE,TRUE,FALSE,3,TRUE,TRUE,2,0,2,1,FALSE,FALSE,0.250040361640297,"(0.184,0.791]",4
"TCGA.CH.5789.01",0,0,24776,0,0,FALSE,FALSE,FALSE,FALSE,FALSE,0,FALSE,FALSE,0,0,0,0,FALSE,TRUE,0,"[0,0.031]",1
"TCGA.CH.5790.01",0,0,22680,2094,2,TRUE,FALSE,FALSE,TRUE,FALSE,1,FALSE,TRUE,1,2,0,1,TRUE,FALSE,0.0845979980626413,"(0.0836,0.184]",3
"TCGA.CH.5791.01",37,3626,18525,2586,2,FALSE,TRUE,TRUE,TRUE,FALSE,3,TRUE,TRUE,2,0,2,1,FALSE,FALSE,0.252300613496933,"(0.184,0.791]",4
"TCGA.CH.5792.01",0,0,23109,0,1667,TRUE,FALSE,FALSE,FALSE,TRUE,1,FALSE,TRUE,1,2,0,1,TRUE,FALSE,0.0672828543752018,"(0.031,0.0836]",2
"TCGA.CH.5794.01",2,0,23948,0,826,TRUE,FALSE,FALSE,FALSE,TRUE,1,FALSE,TRUE,1,2,0,1,TRUE,FALSE,0.0334194381659671,"(0.031,0.0836]",2
"TCGA.EJ.5494.01",6,1165,23595,0,10,TRUE,TRUE,TRUE,FALSE,FALSE,2,TRUE,FALSE,1,1,2,0,FALSE,FALSE,0.0476670971908298,"(0.031,0.0836]",2
"TCGA.EJ.5495.01",78,5085,18274,1337,2,FALSE,TRUE,TRUE,TRUE,FALSE,3,TRUE,TRUE,2,0,2,1,FALSE,FALSE,0.262431385211495,"(0.184,0.791]",4
"TCGA.EJ.5496.01",0,682,23137,0,957,TRUE,FALSE,TRUE,FALSE,TRUE,2,TRUE,TRUE,2,0,1,1,TRUE,FALSE,0.0661527284468841,"(0.031,0.0836]",2
"TCGA.EJ.5497.01",260,0,24216,0,300,FALSE,TRUE,FALSE,FALSE,TRUE,2,TRUE,TRUE,2,0,1,1,TRUE,FALSE,0.0226025185663545,"[0,0.031]",1
"TCGA.EJ.5498.01",7,0,23601,1166,2,TRUE,TRUE,FALSE,TRUE,FALSE,2,TRUE,TRUE,2,0,1,1,FALSE,FALSE,0.0474249273490475,"(0.031,0.0836]",2
"TCGA.EJ.5499.01",1,0,23738,1020,17,TRUE,FALSE,FALSE,TRUE,FALSE,1,FALSE,TRUE,1,2,0,1,TRUE,FALSE,0.04189538262835,"(0.031,0.0836]",2
"TCGA.EJ.5501.01",147,0,23074,1543,12,TRUE,TRUE,FALSE,TRUE,FALSE,2,TRUE,TRUE,2,0,1,1,FALSE,FALSE,0.068695511785599,"(0.031,0.0836]",2
"TCGA.EJ.5502.01",2,0,24772,0,2,FALSE,FALSE,FALSE,FALSE,FALSE,0,FALSE,FALSE,0,0,0,0,TRUE,FALSE,0.000161446561188247,"[0,0.031]",1
"TCGA.EJ.5503.01",4,0,24771,0,1,FALSE,FALSE,FALSE,FALSE,FALSE,0,FALSE,FALSE,0,0,0,0,FALSE,FALSE,0.000201808201485308,"[0,0.031]",1
"TCGA.EJ.5504.01",0,722,21852,1981,221,TRUE,FALSE,TRUE,TRUE,TRUE,3,TRUE,TRUE,2,0,1,2,FALSE,FALSE,0.118017436228608,"(0.0836,0.184]",3
"TCGA.EJ.5505.01",21,0,24222,0,533,FALSE,TRUE,FALSE,FALSE,TRUE,2,TRUE,TRUE,2,0,1,1,TRUE,FALSE,0.0223603487245722,"[0,0.031]",1
"TCGA.EJ.5506.01",0,0,24776,0,0,FALSE,FALSE,FALSE,FALSE,FALSE,0,FALSE,FALSE,0,0,0,0,FALSE,TRUE,0,"[0,0.031]",1
"TCGA.EJ.5507.01",702,0,16564,7487,23,FALSE,TRUE,FALSE,TRUE,FALSE,2,TRUE,TRUE,2,0,1,1,FALSE,FALSE,0.33144979011947,"(0.184,0.791]",4
"TCGA.EJ.5508.01",68,0,24376,0,332,FALSE,TRUE,FALSE,FALSE,TRUE,2,TRUE,TRUE,2,0,1,1,TRUE,FALSE,0.0161446561188247,"[0,0.031]",1
"TCGA.EJ.5509.01",0,2053,21524,0,1199,TRUE,FALSE,TRUE,FALSE,TRUE,2,TRUE,TRUE,2,0,1,1,TRUE,FALSE,0.131256054246045,"(0.0836,0.184]",3
"TCGA.EJ.5510.01",1277,0,22345,1150,4,TRUE,TRUE,FALSE,TRUE,FALSE,2,TRUE,TRUE,2,0,1,1,FALSE,FALSE,0.0981191475621569,"(0.0836,0.184]",3
"TCGA.EJ.5511.01",80,2654,19576,2466,0,FALSE,TRUE,TRUE,TRUE,FALSE,3,TRUE,TRUE,2,0,2,1,FALSE,FALSE,0.209880529544721,"(0.184,0.791]",4
"TCGA.EJ.5512.01",4,0,24050,0,722,FALSE,FALSE,FALSE,FALSE,TRUE,1,FALSE,TRUE,1,2,0,1,TRUE,FALSE,0.0293025508556668,"[0,0.031]",1
"TCGA.EJ.5514.01",30,5031,15530,3987,198,FALSE,TRUE,TRUE,TRUE,TRUE,4,TRUE,TRUE,2,0,2,2,FALSE,FALSE,0.373183726186632,"(0.184,0.791]",4
"TCGA.EJ.5515.01",0,0,24773,0,3,FALSE,FALSE,FALSE,FALSE,FALSE,0,FALSE,FALSE,0,0,0,0,TRUE,FALSE,0.000121084920891185,"[0,0.031]",1
"TCGA.EJ.5516.01",1,0,23682,1084,9,TRUE,FALSE,FALSE,TRUE,FALSE,1,FALSE,TRUE,1,2,0,1,TRUE,FALSE,0.0441556344849855,"(0.031,0.0836]",2
"TCGA.EJ.5517.01",35,624,22630,0,1487,TRUE,TRUE,TRUE,FALSE,TRUE,3,TRUE,TRUE,2,0,2,1,TRUE,FALSE,0.0866160800774944,"(0.0836,0.184]",3
"TCGA.EJ.5518.01",18,3290,17910,3532,26,FALSE,TRUE,TRUE,TRUE,FALSE,3,TRUE,TRUE,2,0,2,1,FALSE,FALSE,0.277123022279625,"(0.184,0.791]",4
"TCGA.EJ.5519.01",885,0,21342,2538,11,TRUE,TRUE,FALSE,TRUE,FALSE,2,TRUE,TRUE,2,0,1,1,FALSE,FALSE,0.13860187278011,"(0.0836,0.184]",3
"TCGA.EJ.5521.01",95,1161,19282,4158,80,FALSE,TRUE,TRUE,TRUE,TRUE,4,TRUE,TRUE,2,0,2,2,FALSE,FALSE,0.221746851792057,"(0.184,0.791]",4
"TCGA.EJ.5522.01",3,0,24080,681,12,FALSE,FALSE,FALSE,FALSE,FALSE,0,FALSE,FALSE,0,0,0,0,TRUE,FALSE,0.0280917016467549,"[0,0.031]",1
"TCGA.EJ.5524.01",661,0,21637,1856,622,TRUE,TRUE,FALSE,TRUE,TRUE,3,TRUE,TRUE,2,0,1,2,TRUE,FALSE,0.126695188892477,"(0.0836,0.184]",3
"TCGA.EJ.5525.01",0,2707,19383,2686,0,FALSE,FALSE,TRUE,TRUE,FALSE,2,TRUE,TRUE,2,0,1,1,FALSE,FALSE,0.217670326122054,"(0.184,0.791]",4
"TCGA.EJ.5526.01",0,2687,20789,1297,3,TRUE,FALSE,TRUE,TRUE,FALSE,2,TRUE,TRUE,2,0,1,1,FALSE,FALSE,0.160921859864385,"(0.0836,0.184]",3
"TCGA.EJ.5527.01",195,2664,19741,1758,418,FALSE,TRUE,TRUE,TRUE,TRUE,4,TRUE,TRUE,2,0,2,2,FALSE,FALSE,0.203220858895706,"(0.184,0.791]",4
"TCGA.EJ.5530.01",1,0,24436,339,0,FALSE,FALSE,FALSE,FALSE,FALSE,0,FALSE,FALSE,0,0,0,0,FALSE,FALSE,0.013722957701001,"[0,0.031]",1
"TCGA.EJ.5531.01",160,1375,22299,0,942,TRUE,TRUE,TRUE,FALSE,TRUE,3,TRUE,TRUE,2,0,2,1,TRUE,FALSE,0.0999757830158218,"(0.0836,0.184]",3
"TCGA.EJ.5532.01",1056,0,23092,627,1,TRUE,TRUE,FALSE,FALSE,FALSE,1,TRUE,FALSE,1,1,1,0,FALSE,FALSE,0.0679690022602519,"(0.031,0.0836]",2
"TCGA.EJ.5542.01",17,2130,21309,576,744,TRUE,TRUE,TRUE,FALSE,TRUE,3,TRUE,TRUE,2,0,2,1,FALSE,FALSE,0.139933806909913,"(0.0836,0.184]",3
"TCGA.EJ.7115.01",3,0,23556,1193,24,TRUE,FALSE,FALSE,TRUE,FALSE,1,FALSE,TRUE,1,2,0,1,TRUE,FALSE,0.0492412011624152,"(0.031,0.0836]",2
"TCGA.EJ.7123.01",0,545,20747,2637,847,TRUE,FALSE,TRUE,TRUE,TRUE,3,TRUE,TRUE,2,0,1,2,TRUE,FALSE,0.162617048756861,"(0.0836,0.184]",3
"TCGA.EJ.7125.01",3,2049,22562,0,162,TRUE,FALSE,TRUE,FALSE,TRUE,2,TRUE,TRUE,2,0,1,1,FALSE,FALSE,0.0893606716176945,"(0.0836,0.184]",3
"TCGA.EJ.7218.01",0,0,23727,0,1049,TRUE,FALSE,FALSE,FALSE,TRUE,1,FALSE,TRUE,1,2,0,1,TRUE,FALSE,0.0423393606716177,"(0.031,0.0836]",2
"TCGA.EJ.7312.01",0,308,20680,3760,28,TRUE,FALSE,TRUE,TRUE,FALSE,2,TRUE,TRUE,2,0,1,1,FALSE,FALSE,0.165321278656765,"(0.0836,0.184]",3
"TCGA.EJ.7314.01",2,1648,22332,786,8,TRUE,FALSE,TRUE,FALSE,FALSE,1,TRUE,FALSE,1,1,1,0,FALSE,FALSE,0.0986438488860187,"(0.0836,0.184]",3
"TCGA.EJ.7315.01",386,0,22324,2047,19,TRUE,TRUE,FALSE,TRUE,FALSE,2,TRUE,TRUE,2,0,1,1,FALSE,FALSE,0.0989667420083952,"(0.0836,0.184]",3
"TCGA.EJ.7317.01",0,0,23581,560,635,TRUE,FALSE,FALSE,FALSE,TRUE,1,FALSE,TRUE,1,2,0,1,TRUE,FALSE,0.0482321601549887,"(0.031,0.0836]",2
"TCGA.EJ.7318.01",670,0,22446,1366,294,TRUE,TRUE,FALSE,TRUE,TRUE,3,TRUE,TRUE,2,0,1,2,FALSE,FALSE,0.0940426218921537,"(0.0836,0.184]",3
"TCGA.EJ.7321.01",0,0,23738,1012,26,TRUE,FALSE,FALSE,TRUE,FALSE,1,FALSE,TRUE,1,2,0,1,TRUE,FALSE,0.04189538262835,"(0.031,0.0836]",2
"TCGA.EJ.7325.01",0,0,23707,1069,0,TRUE,FALSE,FALSE,TRUE,FALSE,1,FALSE,TRUE,1,2,0,1,FALSE,TRUE,0.0431465934775589,"(0.031,0.0836]",2
"TCGA.EJ.7327.01",9,0,23757,514,496,TRUE,TRUE,FALSE,FALSE,TRUE,2,TRUE,TRUE,2,0,1,1,TRUE,FALSE,0.0411285114627058,"(0.031,0.0836]",2
"TCGA.EJ.7328.01",54,716,21217,1605,1184,TRUE,TRUE,TRUE,TRUE,TRUE,4,TRUE,TRUE,2,0,2,2,TRUE,FALSE,0.143647077817242,"(0.0836,0.184]",3
"TCGA.EJ.7330.01",2,2049,20662,2031,32,TRUE,FALSE,TRUE,TRUE,FALSE,2,TRUE,TRUE,2,0,1,1,FALSE,FALSE,0.166047788182112,"(0.0836,0.184]",3
"TCGA.EJ.7331.01",4,0,24365,0,407,FALSE,FALSE,FALSE,FALSE,TRUE,1,FALSE,TRUE,1,2,0,1,TRUE,FALSE,0.0165886341620923,"[0,0.031]",1
"TCGA.EJ.7781.01",4,1123,16391,6635,623,FALSE,FALSE,TRUE,TRUE,TRUE,3,TRUE,TRUE,2,0,1,2,TRUE,FALSE,0.338432353890862,"(0.184,0.791]",4
"TCGA.EJ.7782.01",0,674,22569,1533,0,TRUE,FALSE,TRUE,TRUE,FALSE,2,TRUE,TRUE,2,0,1,1,FALSE,FALSE,0.0890781401356151,"(0.0836,0.184]",3
"TCGA.EJ.7783.01",127,580,19931,4137,1,FALSE,TRUE,TRUE,TRUE,FALSE,3,TRUE,TRUE,2,0,2,1,FALSE,FALSE,0.195552147239264,"(0.184,0.791]",4
"TCGA.EJ.7784.01",0,5545,12123,6221,887,FALSE,FALSE,TRUE,TRUE,TRUE,3,TRUE,TRUE,2,0,1,2,FALSE,FALSE,0.510695834678721,"(0.184,0.791]",4
"TCGA.EJ.7785.01",22,0,24057,0,697,FALSE,TRUE,FALSE,FALSE,TRUE,2,TRUE,TRUE,2,0,1,1,TRUE,FALSE,0.0290200193735873,"[0,0.031]",1
"TCGA.EJ.7786.01",1,538,23338,897,2,TRUE,FALSE,TRUE,FALSE,FALSE,1,TRUE,FALSE,1,1,1,0,FALSE,FALSE,0.0580400387471747,"(0.031,0.0836]",2
"TCGA.EJ.7788.01",0,1120,21547,2091,18,TRUE,FALSE,TRUE,TRUE,FALSE,2,TRUE,TRUE,2,0,1,1,FALSE,FALSE,0.130327736519212,"(0.0836,0.184]",3
"TCGA.EJ.7789.01",1,5247,17157,2371,0,FALSE,FALSE,TRUE,TRUE,FALSE,2,TRUE,TRUE,2,0,1,1,FALSE,FALSE,0.307515337423313,"(0.184,0.791]",4
"TCGA.EJ.7791.01",2,0,24774,0,0,FALSE,FALSE,FALSE,FALSE,FALSE,0,FALSE,FALSE,0,0,0,0,FALSE,FALSE,8.07232805941233e-05,"[0,0.031]",1
"TCGA.EJ.7792.01",67,189,24304,0,216,FALSE,TRUE,TRUE,FALSE,TRUE,3,TRUE,TRUE,2,0,2,1,TRUE,FALSE,0.0190506942202131,"[0,0.031]",1
"TCGA.EJ.7793.01",4,0,24604,0,168,FALSE,FALSE,FALSE,FALSE,TRUE,1,FALSE,TRUE,1,2,0,1,TRUE,FALSE,0.00694220213109461,"[0,0.031]",1
"TCGA.EJ.7794.01",0,0,23717,306,753,TRUE,FALSE,FALSE,FALSE,TRUE,1,FALSE,TRUE,1,2,0,1,TRUE,FALSE,0.0427429770745883,"(0.031,0.0836]",2
"TCGA.EJ.7797.01",0,0,24137,635,4,FALSE,FALSE,FALSE,FALSE,FALSE,0,FALSE,FALSE,0,0,0,0,TRUE,FALSE,0.0257910881498224,"[0,0.031]",1
"TCGA.EJ.8468.01",508,0,23432,0,836,TRUE,TRUE,FALSE,FALSE,TRUE,2,TRUE,TRUE,2,0,1,1,TRUE,FALSE,0.0542460445592509,"(0.031,0.0836]",2
"TCGA.EJ.8469.01",577,1643,21007,1536,13,TRUE,TRUE,TRUE,TRUE,FALSE,3,TRUE,TRUE,2,0,2,1,FALSE,FALSE,0.152123022279625,"(0.0836,0.184]",3
"TCGA.EJ.8470.01",4,0,22761,1993,18,TRUE,FALSE,FALSE,TRUE,FALSE,1,FALSE,TRUE,1,2,0,1,TRUE,FALSE,0.0813287051985793,"(0.031,0.0836]",2
"TCGA.EJ.8472.01",95,2297,16219,6108,57,FALSE,TRUE,TRUE,TRUE,TRUE,4,TRUE,TRUE,2,0,2,2,FALSE,FALSE,0.345374556021957,"(0.184,0.791]",4
"TCGA.EJ.8474.01",51,0,23318,1076,331,TRUE,TRUE,FALSE,TRUE,TRUE,3,TRUE,TRUE,2,0,1,2,TRUE,FALSE,0.0588472715531159,"(0.031,0.0836]",2
"TCGA.EJ.A46B.01",1,0,24775,0,0,FALSE,FALSE,FALSE,FALSE,FALSE,0,FALSE,FALSE,0,0,0,0,FALSE,FALSE,4.03616402970617e-05,"[0,0.031]",1
"TCGA.EJ.A46D.01",2,0,24065,709,0,FALSE,FALSE,FALSE,FALSE,FALSE,0,FALSE,FALSE,0,0,0,0,FALSE,FALSE,0.0286971262512109,"[0,0.031]",1
"TCGA.EJ.A46E.01",39,0,24736,0,1,FALSE,TRUE,FALSE,FALSE,FALSE,1,TRUE,FALSE,1,1,1,0,FALSE,FALSE,0.00161446561188247,"[0,0.031]",1
"TCGA.EJ.A46F.01",1,2165,21320,1273,17,TRUE,FALSE,TRUE,TRUE,FALSE,2,TRUE,TRUE,2,0,1,1,FALSE,FALSE,0.139489828866645,"(0.0836,0.184]",3
"TCGA.EJ.A46G.01",1777,4400,17922,0,677,FALSE,TRUE,TRUE,FALSE,TRUE,3,TRUE,TRUE,2,0,2,1,FALSE,FALSE,0.276638682596061,"(0.184,0.791]",4
"TCGA.EJ.A46H.01",0,0,24776,0,0,FALSE,FALSE,FALSE,FALSE,FALSE,0,FALSE,FALSE,0,0,0,0,FALSE,TRUE,0,"[0,0.031]",1
"TCGA.EJ.A46I.01",0,0,24707,0,69,FALSE,FALSE,FALSE,FALSE,TRUE,1,FALSE,TRUE,1,2,0,1,TRUE,FALSE,0.00278495318049726,"[0,0.031]",1
"TCGA.EJ.A65B.01",0,0,23159,1617,0,TRUE,FALSE,FALSE,TRUE,FALSE,1,FALSE,TRUE,1,2,0,1,FALSE,TRUE,0.0652647723603487,"(0.031,0.0836]",2
"TCGA.EJ.A65D.01",351,0,22604,1806,15,TRUE,TRUE,FALSE,TRUE,FALSE,2,TRUE,TRUE,2,0,1,1,FALSE,FALSE,0.087665482725218,"(0.0836,0.184]",3
"TCGA.EJ.A65E.01",9,0,24036,716,15,FALSE,TRUE,FALSE,FALSE,FALSE,1,TRUE,FALSE,1,1,1,0,TRUE,FALSE,0.0298676138198256,"[0,0.031]",1
"TCGA.EJ.A65F.01",0,3514,20126,0,1136,FALSE,FALSE,TRUE,FALSE,TRUE,2,TRUE,TRUE,2,0,1,1,FALSE,FALSE,0.187681627381337,"(0.184,0.791]",4
"TCGA.EJ.A65G.01",0,0,24770,0,6,FALSE,FALSE,FALSE,FALSE,FALSE,0,FALSE,FALSE,0,0,0,0,TRUE,FALSE,0.00024216984178237,"[0,0.031]",1
"TCGA.EJ.A65J.01",0,1254,22304,0,1218,TRUE,FALSE,TRUE,FALSE,TRUE,2,TRUE,TRUE,2,0,1,1,TRUE,FALSE,0.0997739748143365,"(0.0836,0.184]",3
"TCGA.EJ.A65M.01",30,4833,18762,0,1151,FALSE,TRUE,TRUE,FALSE,TRUE,3,TRUE,TRUE,2,0,2,1,FALSE,FALSE,0.242734904746529,"(0.184,0.791]",4
"TCGA.EJ.A6RA.01",2,0,24773,0,1,FALSE,FALSE,FALSE,FALSE,FALSE,0,FALSE,FALSE,0,0,0,0,FALSE,TRUE,0.000121084920891185,"[0,0.031]",1
"TCGA.EJ.A6RC.01",4,0,24770,0,2,FALSE,FALSE,FALSE,FALSE,FALSE,0,FALSE,FALSE,0,0,0,0,FALSE,TRUE,0.00024216984178237,"[0,0.031]",1
"TCGA.EJ.A7NF.01",7,0,23333,949,487,TRUE,TRUE,FALSE,FALSE,TRUE,2,TRUE,TRUE,2,0,1,1,TRUE,FALSE,0.05824184694866,"(0.031,0.0836]",2
"TCGA.EJ.A7NG.01",0,0,24775,0,1,FALSE,FALSE,FALSE,FALSE,FALSE,0,FALSE,FALSE,0,0,0,0,TRUE,FALSE,4.03616402970617e-05,"[0,0.031]",1
"TCGA.EJ.A7NH.01",153,2753,18514,3202,154,FALSE,TRUE,TRUE,TRUE,TRUE,4,TRUE,TRUE,2,0,2,2,FALSE,FALSE,0.2527445915402,"(0.184,0.791]",4
"TCGA.EJ.A7NJ.01",0,0,24774,0,2,FALSE,FALSE,FALSE,FALSE,FALSE,0,FALSE,FALSE,0,0,0,0,TRUE,FALSE,8.07232805941233e-05,"[0,0.031]",1
"TCGA.EJ.A7NK.01",13,0,24761,0,2,FALSE,TRUE,FALSE,FALSE,FALSE,1,TRUE,FALSE,1,1,1,0,FALSE,FALSE,0.000605424604455925,"[0,0.031]",1
"TCGA.EJ.A7NM.01",646,0,22941,1163,26,TRUE,TRUE,FALSE,TRUE,FALSE,2,TRUE,TRUE,2,0,1,1,FALSE,FALSE,0.0740636099451082,"(0.031,0.0836]",2
"TCGA.EJ.A8FN.01",0,1174,23164,0,438,TRUE,FALSE,TRUE,FALSE,TRUE,2,TRUE,TRUE,2,0,1,1,FALSE,FALSE,0.0650629641588634,"(0.031,0.0836]",2
"TCGA.EJ.A8FO.01",0,0,24542,0,234,FALSE,FALSE,FALSE,FALSE,TRUE,1,FALSE,TRUE,1,2,0,1,TRUE,FALSE,0.00944462382951243,"[0,0.031]",1
"TCGA.EJ.A8FP.01",0,0,24771,0,5,FALSE,FALSE,FALSE,FALSE,FALSE,0,FALSE,FALSE,0,0,0,0,TRUE,FALSE,0.000201808201485308,"[0,0.031]",1
"TCGA.EJ.A8FS.01",607,0,22640,1526,3,TRUE,TRUE,FALSE,TRUE,FALSE,2,TRUE,TRUE,2,0,1,1,FALSE,FALSE,0.0862124636745237,"(0.0836,0.184]",3
"TCGA.EJ.A8FU.01",0,0,24774,0,2,FALSE,FALSE,FALSE,FALSE,FALSE,0,FALSE,FALSE,0,0,0,0,TRUE,FALSE,8.07232805941233e-05,"[0,0.031]",1
"TCGA.EJ.AB20.01",0,1165,23610,0,1,TRUE,FALSE,TRUE,FALSE,FALSE,1,TRUE,FALSE,1,1,1,0,FALSE,FALSE,0.0470616725863739,"(0.031,0.0836]",2
"TCGA.EJ.AB27.01",0,617,23790,264,105,TRUE,FALSE,TRUE,FALSE,TRUE,2,TRUE,TRUE,2,0,1,1,FALSE,FALSE,0.0397965773329028,"(0.031,0.0836]",2
"TCGA.FC.7708.01",7,0,23834,922,13,TRUE,TRUE,FALSE,FALSE,FALSE,1,TRUE,FALSE,1,1,1,0,TRUE,FALSE,0.0380206651598321,"(0.031,0.0836]",2
"TCGA.FC.7961.01",4,3925,13669,5954,1224,FALSE,FALSE,TRUE,TRUE,TRUE,3,TRUE,TRUE,2,0,1,2,FALSE,FALSE,0.448296738779464,"(0.184,0.791]",4
"TCGA.FC.A4JI.01",776,7755,10061,6002,182,FALSE,TRUE,TRUE,TRUE,TRUE,4,TRUE,TRUE,2,0,2,2,FALSE,FALSE,0.593921536971262,"(0.184,0.791]",4
"TCGA.FC.A5OB.01",4,0,24065,518,189,FALSE,FALSE,FALSE,FALSE,TRUE,1,FALSE,TRUE,1,2,0,1,TRUE,FALSE,0.0286971262512109,"[0,0.031]",1
"TCGA.FC.A66V.01",0,0,24773,0,3,FALSE,FALSE,FALSE,FALSE,FALSE,0,FALSE,FALSE,0,0,0,0,TRUE,FALSE,0.000121084920891185,"[0,0.031]",1
"TCGA.FC.A6HD.01",17,0,24485,0,274,FALSE,TRUE,FALSE,FALSE,TRUE,2,TRUE,TRUE,2,0,1,1,TRUE,FALSE,0.0117452373264449,"[0,0.031]",1
"TCGA.FC.A8O0.01",1,0,24773,0,2,FALSE,FALSE,FALSE,FALSE,FALSE,0,FALSE,FALSE,0,0,0,0,TRUE,FALSE,0.000121084920891185,"[0,0.031]",1
"TCGA.G9.6329.01",3,235,22551,1987,0,TRUE,FALSE,TRUE,TRUE,FALSE,2,TRUE,TRUE,2,0,1,1,FALSE,FALSE,0.0898046496609622,"(0.0836,0.184]",3
"TCGA.G9.6332.01",198,0,23176,1382,20,TRUE,TRUE,FALSE,TRUE,FALSE,2,TRUE,TRUE,2,0,1,1,FALSE,FALSE,0.0645786244752987,"(0.031,0.0836]",2
"TCGA.G9.6333.01",25,0,23938,811,2,TRUE,TRUE,FALSE,FALSE,FALSE,1,TRUE,FALSE,1,1,1,0,FALSE,FALSE,0.0338230545689377,"(0.031,0.0836]",2
"TCGA.G9.6336.01",0,0,24745,0,31,FALSE,FALSE,FALSE,FALSE,FALSE,0,FALSE,FALSE,0,0,0,0,TRUE,FALSE,0.00125121084920891,"[0,0.031]",1
"TCGA.G9.6338.01",2,1706,21679,0,1389,TRUE,FALSE,TRUE,FALSE,TRUE,2,TRUE,TRUE,2,0,1,1,TRUE,FALSE,0.125,"(0.0836,0.184]",3
"TCGA.G9.6339.01",9,0,23786,978,3,TRUE,TRUE,FALSE,FALSE,FALSE,1,TRUE,FALSE,1,1,1,0,FALSE,FALSE,0.0399580238940911,"(0.031,0.0836]",2
"TCGA.G9.6342.01",0,0,23359,1414,3,TRUE,FALSE,FALSE,TRUE,FALSE,1,FALSE,TRUE,1,2,0,1,TRUE,FALSE,0.0571924443009364,"(0.031,0.0836]",2
"TCGA.G9.6343.01",0,0,24059,716,1,FALSE,FALSE,FALSE,FALSE,FALSE,0,FALSE,FALSE,0,0,0,0,TRUE,FALSE,0.0289392960929932,"[0,0.031]",1
"TCGA.G9.6347.01",1,0,24716,0,59,FALSE,FALSE,FALSE,FALSE,TRUE,1,FALSE,TRUE,1,2,0,1,TRUE,FALSE,0.0024216984178237,"[0,0.031]",1
"TCGA.G9.6348.01",0,0,23129,1645,2,TRUE,FALSE,FALSE,TRUE,FALSE,1,FALSE,TRUE,1,2,0,1,TRUE,FALSE,0.0664756215692606,"(0.031,0.0836]",2
"TCGA.G9.6351.01",0,0,23937,0,839,TRUE,FALSE,FALSE,FALSE,TRUE,1,FALSE,TRUE,1,2,0,1,TRUE,FALSE,0.0338634162092347,"(0.031,0.0836]",2
"TCGA.G9.6353.01",1,0,24775,0,0,FALSE,FALSE,FALSE,FALSE,FALSE,0,FALSE,FALSE,0,0,0,0,FALSE,FALSE,4.03616402970617e-05,"[0,0.031]",1
"TCGA.G9.6354.01",1,0,23399,1328,48,TRUE,FALSE,FALSE,TRUE,TRUE,2,FALSE,TRUE,1,2,0,2,TRUE,FALSE,0.0555779786890539,"(0.031,0.0836]",2
"TCGA.G9.6356.01",0,673,23568,493,42,TRUE,FALSE,TRUE,FALSE,FALSE,1,TRUE,FALSE,1,1,1,0,FALSE,FALSE,0.0487568614788505,"(0.031,0.0836]",2
"TCGA.G9.6361.01",183,0,20864,3488,241,TRUE,TRUE,FALSE,TRUE,TRUE,3,TRUE,TRUE,2,0,1,2,TRUE,FALSE,0.157894736842105,"(0.0836,0.184]",3
"TCGA.G9.6362.01",0,1199,22082,1490,5,TRUE,FALSE,TRUE,TRUE,FALSE,2,TRUE,TRUE,2,0,1,1,FALSE,FALSE,0.108734258960284,"(0.0836,0.184]",3
"TCGA.G9.6363.01",0,616,22707,1326,127,TRUE,FALSE,TRUE,TRUE,TRUE,3,TRUE,TRUE,2,0,1,2,FALSE,FALSE,0.0835082337746206,"(0.031,0.0836]",2
"TCGA.G9.6364.01",0,0,23868,907,1,TRUE,FALSE,FALSE,FALSE,FALSE,0,FALSE,FALSE,0,0,0,0,TRUE,FALSE,0.036648369389732,"(0.031,0.0836]",2
"TCGA.G9.6365.01",1,0,24526,0,249,FALSE,FALSE,FALSE,FALSE,TRUE,1,FALSE,TRUE,1,2,0,1,TRUE,FALSE,0.0100904100742654,"[0,0.031]",1
"TCGA.G9.6366.01",202,1340,22496,0,738,TRUE,TRUE,TRUE,FALSE,TRUE,3,TRUE,TRUE,2,0,2,1,FALSE,FALSE,0.0920245398773006,"(0.0836,0.184]",3
"TCGA.G9.6367.01",0,0,24776,0,0,FALSE,FALSE,FALSE,FALSE,FALSE,0,FALSE,FALSE,0,0,0,0,FALSE,TRUE,0,"[0,0.031]",1
"TCGA.G9.6369.01",248,0,22208,2320,0,TRUE,TRUE,FALSE,TRUE,FALSE,2,TRUE,TRUE,2,0,1,1,FALSE,FALSE,0.103648692282854,"(0.0836,0.184]",3
"TCGA.G9.6370.01",0,0,24775,0,1,FALSE,FALSE,FALSE,FALSE,FALSE,0,FALSE,FALSE,0,0,0,0,TRUE,FALSE,4.03616402970617e-05,"[0,0.031]",1
"TCGA.G9.6371.01",1,1165,23299,302,9,TRUE,FALSE,TRUE,FALSE,FALSE,1,TRUE,FALSE,1,1,1,0,FALSE,FALSE,0.0596141427187601,"(0.031,0.0836]",2
"TCGA.G9.6373.01",620,1297,21197,1658,4,TRUE,TRUE,TRUE,TRUE,FALSE,3,TRUE,TRUE,2,0,2,1,FALSE,FALSE,0.144454310623184,"(0.0836,0.184]",3
"TCGA.G9.6377.01",0,1713,19790,2219,1054,FALSE,FALSE,TRUE,TRUE,TRUE,3,TRUE,TRUE,2,0,1,2,TRUE,FALSE,0.20124313852115,"(0.184,0.791]",4
"TCGA.G9.6378.01",5,0,24066,704,1,FALSE,TRUE,FALSE,FALSE,FALSE,1,TRUE,FALSE,1,1,1,0,FALSE,FALSE,0.0286567646109138,"[0,0.031]",1
"TCGA.G9.6379.01",0,0,21383,1668,1725,TRUE,FALSE,FALSE,TRUE,TRUE,2,FALSE,TRUE,1,2,0,2,TRUE,FALSE,0.13694704552793,"(0.0836,0.184]",3
"TCGA.G9.6384.01",0,0,23397,1378,1,TRUE,FALSE,FALSE,TRUE,FALSE,1,FALSE,TRUE,1,2,0,1,TRUE,FALSE,0.055658701969648,"(0.031,0.0836]",2
"TCGA.G9.6385.01",0,0,24772,0,4,FALSE,FALSE,FALSE,FALSE,FALSE,0,FALSE,FALSE,0,0,0,0,TRUE,FALSE,0.000161446561188247,"[0,0.031]",1
"TCGA.G9.6494.01",3,999,21906,827,1041,TRUE,FALSE,TRUE,FALSE,TRUE,2,TRUE,TRUE,2,0,1,1,TRUE,FALSE,0.115837907652567,"(0.0836,0.184]",3
"TCGA.G9.6496.01",344,548,22653,1231,0,TRUE,TRUE,TRUE,TRUE,FALSE,3,TRUE,TRUE,2,0,2,1,FALSE,FALSE,0.0856877623506619,"(0.0836,0.184]",3
"TCGA.G9.6498.01",6,1165,23463,0,142,TRUE,TRUE,TRUE,FALSE,TRUE,3,TRUE,TRUE,2,0,2,1,FALSE,FALSE,0.052994833710042,"(0.031,0.0836]",2
"TCGA.G9.6499.01",317,7371,10340,6171,577,FALSE,TRUE,TRUE,TRUE,TRUE,4,TRUE,TRUE,2,0,2,2,FALSE,FALSE,0.582660639328382,"(0.184,0.791]",4
"TCGA.G9.7509.01",0,976,22983,674,143,TRUE,FALSE,TRUE,FALSE,TRUE,2,TRUE,TRUE,2,0,1,1,FALSE,FALSE,0.0723684210526316,"(0.031,0.0836]",2
"TCGA.G9.7510.01",34,554,22428,1350,410,TRUE,TRUE,TRUE,TRUE,TRUE,4,TRUE,TRUE,2,0,2,2,TRUE,FALSE,0.0947691314175008,"(0.0836,0.184]",3
"TCGA.G9.7519.01",0,0,24207,560,9,FALSE,FALSE,FALSE,FALSE,FALSE,0,FALSE,FALSE,0,0,0,0,TRUE,FALSE,0.0229657733290281,"[0,0.031]",1
"TCGA.G9.7521.01",0,3905,14984,5886,1,FALSE,FALSE,TRUE,TRUE,FALSE,2,TRUE,TRUE,2,0,1,1,FALSE,FALSE,0.395221181788828,"(0.184,0.791]",4
"TCGA.G9.7522.01",1,0,24417,0,358,FALSE,FALSE,FALSE,FALSE,TRUE,1,FALSE,TRUE,1,2,0,1,TRUE,FALSE,0.0144898288666451,"[0,0.031]",1
"TCGA.G9.7523.01",8,2641,18433,3692,2,FALSE,TRUE,TRUE,TRUE,FALSE,3,TRUE,TRUE,2,0,2,1,FALSE,FALSE,0.256013884404262,"(0.184,0.791]",4
"TCGA.G9.7525.01",1,786,22930,0,1059,TRUE,FALSE,TRUE,FALSE,TRUE,2,TRUE,TRUE,2,0,1,1,TRUE,FALSE,0.0745075879883759,"(0.031,0.0836]",2
"TCGA.G9.A9S0.01",1039,1376,19069,3292,0,FALSE,TRUE,TRUE,TRUE,FALSE,3,TRUE,TRUE,2,0,2,1,FALSE,FALSE,0.230343881175331,"(0.184,0.791]",4
"TCGA.G9.A9S7.01",10,1618,21601,1153,394,TRUE,TRUE,TRUE,TRUE,TRUE,4,TRUE,TRUE,2,0,2,2,FALSE,FALSE,0.128148207943171,"(0.0836,0.184]",3
"TCGA.H9.7775.01",2,0,23964,810,0,TRUE,FALSE,FALSE,FALSE,FALSE,0,FALSE,FALSE,0,0,0,0,FALSE,FALSE,0.0327736519212141,"(0.031,0.0836]",2
"TCGA.H9.A6BX.01",0,0,24775,0,1,FALSE,FALSE,FALSE,FALSE,FALSE,0,FALSE,FALSE,0,0,0,0,TRUE,FALSE,4.03616402970617e-05,"[0,0.031]",1
"TCGA.H9.A6BY.01",0,0,24138,0,638,FALSE,FALSE,FALSE,FALSE,TRUE,1,FALSE,TRUE,1,2,0,1,TRUE,FALSE,0.0257507265095253,"[0,0.031]",1
"TCGA.HC.7075.01",1,0,24528,0,247,FALSE,FALSE,FALSE,FALSE,TRUE,1,FALSE,TRUE,1,2,0,1,TRUE,FALSE,0.0100096867936713,"[0,0.031]",1
"TCGA.HC.7077.01",43,0,22872,1852,9,TRUE,TRUE,FALSE,TRUE,FALSE,2,TRUE,TRUE,2,0,1,1,FALSE,FALSE,0.0768485631256054,"(0.031,0.0836]",2
"TCGA.HC.7078.01",1,2298,19197,3279,1,FALSE,FALSE,TRUE,TRUE,FALSE,2,TRUE,TRUE,2,0,1,1,FALSE,FALSE,0.225177591217307,"(0.184,0.791]",4
"TCGA.HC.7079.01",1,0,24775,0,0,FALSE,FALSE,FALSE,FALSE,FALSE,0,FALSE,FALSE,0,0,0,0,FALSE,FALSE,4.03616402970617e-05,"[0,0.031]",1
"TCGA.HC.7080.01",275,843,18448,3427,1783,FALSE,TRUE,TRUE,TRUE,TRUE,4,TRUE,TRUE,2,0,2,2,TRUE,FALSE,0.255408459799806,"(0.184,0.791]",4
"TCGA.HC.7081.01",0,0,23986,0,790,TRUE,FALSE,FALSE,FALSE,TRUE,1,FALSE,TRUE,1,2,0,1,TRUE,FALSE,0.0318856958346787,"(0.031,0.0836]",2
"TCGA.HC.7209.01",5,0,23644,0,1127,TRUE,TRUE,FALSE,FALSE,TRUE,2,TRUE,TRUE,2,0,1,1,TRUE,FALSE,0.0456893768162738,"(0.031,0.0836]",2
"TCGA.HC.7210.01",492,0,23005,0,1279,TRUE,TRUE,FALSE,FALSE,TRUE,2,TRUE,TRUE,2,0,1,1,TRUE,FALSE,0.0714804649660962,"(0.031,0.0836]",2
"TCGA.HC.7211.01",22,0,23662,1090,2,TRUE,TRUE,FALSE,TRUE,FALSE,2,TRUE,TRUE,2,0,1,1,FALSE,FALSE,0.0449628672909267,"(0.031,0.0836]",2
"TCGA.HC.7212.01",31,561,22286,0,1898,TRUE,TRUE,TRUE,FALSE,TRUE,3,TRUE,TRUE,2,0,2,1,TRUE,FALSE,0.100500484339684,"(0.0836,0.184]",3
"TCGA.HC.7213.01",154,4199,8980,11310,133,FALSE,TRUE,TRUE,TRUE,TRUE,4,TRUE,TRUE,2,0,2,2,FALSE,FALSE,0.637552470132386,"(0.184,0.791]",4
"TCGA.HC.7230.01",0,0,22966,1810,0,TRUE,FALSE,FALSE,TRUE,FALSE,1,FALSE,TRUE,1,2,0,1,FALSE,TRUE,0.0730545689376816,"(0.031,0.0836]",2
"TCGA.HC.7231.01",3,568,22688,715,802,TRUE,FALSE,TRUE,FALSE,TRUE,2,TRUE,TRUE,2,0,1,1,TRUE,FALSE,0.0842751049402648,"(0.0836,0.184]",3
"TCGA.HC.7232.01",0,1371,21306,2060,39,TRUE,FALSE,TRUE,TRUE,FALSE,2,TRUE,TRUE,2,0,1,1,FALSE,FALSE,0.140054891830804,"(0.0836,0.184]",3
"TCGA.HC.7233.01",4,0,24432,0,340,FALSE,FALSE,FALSE,FALSE,TRUE,1,FALSE,TRUE,1,2,0,1,TRUE,FALSE,0.0138844042621892,"[0,0.031]",1
"TCGA.HC.7736.01",24,0,21968,2774,10,TRUE,TRUE,FALSE,TRUE,FALSE,2,TRUE,TRUE,2,0,1,1,FALSE,FALSE,0.113335485954149,"(0.0836,0.184]",3
"TCGA.HC.7737.01",0,0,23007,1633,136,TRUE,FALSE,FALSE,TRUE,TRUE,2,FALSE,TRUE,1,2,0,2,TRUE,FALSE,0.0713997416855021,"(0.031,0.0836]",2
"TCGA.HC.7738.01",1,0,24396,0,379,FALSE,FALSE,FALSE,FALSE,TRUE,1,FALSE,TRUE,1,2,0,1,TRUE,FALSE,0.0153374233128834,"[0,0.031]",1
"TCGA.HC.7740.01",2,0,24774,0,0,FALSE,FALSE,FALSE,FALSE,FALSE,0,FALSE,FALSE,0,0,0,0,FALSE,FALSE,8.07232805941233e-05,"[0,0.031]",1
"TCGA.HC.7742.01",0,2972,19525,2024,255,FALSE,FALSE,TRUE,TRUE,TRUE,3,TRUE,TRUE,2,0,1,2,FALSE,FALSE,0.211938973199871,"(0.184,0.791]",4
"TCGA.HC.7744.01",0,0,22065,2039,672,TRUE,FALSE,FALSE,TRUE,TRUE,2,FALSE,TRUE,1,2,0,2,TRUE,FALSE,0.109420406845334,"(0.0836,0.184]",3
"TCGA.HC.7745.01",2,1377,20957,2440,0,TRUE,FALSE,TRUE,TRUE,FALSE,2,TRUE,TRUE,2,0,1,1,FALSE,FALSE,0.154141104294479,"(0.0836,0.184]",3
"TCGA.HC.7747.01",1,0,23237,0,1538,TRUE,FALSE,FALSE,FALSE,TRUE,1,FALSE,TRUE,1,2,0,1,TRUE,FALSE,0.0621165644171779,"(0.031,0.0836]",2
"TCGA.HC.7748.01",0,0,23748,1010,18,TRUE,FALSE,FALSE,FALSE,FALSE,0,FALSE,FALSE,0,0,0,0,TRUE,FALSE,0.0414917662253794,"(0.031,0.0836]",2
"TCGA.HC.7749.01",2,0,19776,4170,828,FALSE,FALSE,FALSE,TRUE,TRUE,2,FALSE,TRUE,1,2,0,2,TRUE,FALSE,0.201808201485308,"(0.184,0.791]",4
"TCGA.HC.7750.01",9,0,24620,0,147,FALSE,TRUE,FALSE,FALSE,TRUE,2,TRUE,TRUE,2,0,1,1,TRUE,FALSE,0.00629641588634162,"[0,0.031]",1
"TCGA.HC.7752.01",7,0,22721,0,2048,TRUE,TRUE,FALSE,FALSE,TRUE,2,TRUE,TRUE,2,0,1,1,TRUE,FALSE,0.0829431708104617,"(0.031,0.0836]",2
"TCGA.HC.7817.01",1,0,24696,0,79,FALSE,FALSE,FALSE,FALSE,TRUE,1,FALSE,TRUE,1,2,0,1,TRUE,FALSE,0.00322893122376493,"[0,0.031]",1
"TCGA.HC.7818.01",3,0,24770,0,3,FALSE,FALSE,FALSE,FALSE,FALSE,0,FALSE,FALSE,0,0,0,0,TRUE,FALSE,0.00024216984178237,"[0,0.031]",1
"TCGA.HC.7819.01",446,0,23207,1123,0,TRUE,TRUE,FALSE,TRUE,FALSE,2,TRUE,TRUE,2,0,1,1,FALSE,FALSE,0.0633274136260898,"(0.031,0.0836]",2
"TCGA.HC.7820.01",2,0,24008,766,0,TRUE,FALSE,FALSE,FALSE,FALSE,0,FALSE,FALSE,0,0,0,0,FALSE,FALSE,0.0309977397481434,"(0.031,0.0836]",2
"TCGA.HC.7821.01",16,1055,17127,6527,51,FALSE,TRUE,TRUE,TRUE,TRUE,4,TRUE,TRUE,2,0,2,2,FALSE,FALSE,0.308726186632225,"(0.184,0.791]",4
"TCGA.HC.8213.01",7,0,24589,0,180,FALSE,TRUE,FALSE,FALSE,TRUE,2,TRUE,TRUE,2,0,1,1,TRUE,FALSE,0.00754762673555053,"[0,0.031]",1
"TCGA.HC.8216.01",29,6196,13089,5396,66,FALSE,TRUE,TRUE,TRUE,TRUE,4,TRUE,TRUE,2,0,2,2,FALSE,FALSE,0.47170649015176,"(0.184,0.791]",4
"TCGA.HC.8256.01",0,624,23428,342,382,TRUE,FALSE,TRUE,FALSE,TRUE,2,TRUE,TRUE,2,0,1,1,TRUE,FALSE,0.0544074911204391,"(0.031,0.0836]",2
"TCGA.HC.8257.01",1,0,22908,349,1518,TRUE,FALSE,FALSE,FALSE,TRUE,1,FALSE,TRUE,1,2,0,1,TRUE,FALSE,0.0753955440749112,"(0.031,0.0836]",2
"TCGA.HC.8258.01",0,0,24776,0,0,FALSE,FALSE,FALSE,FALSE,FALSE,0,FALSE,FALSE,0,0,0,0,FALSE,TRUE,0,"[0,0.031]",1
"TCGA.HC.8259.01",0,0,24688,0,88,FALSE,FALSE,FALSE,FALSE,TRUE,1,FALSE,TRUE,1,2,0,1,TRUE,FALSE,0.00355182434614143,"[0,0.031]",1
"TCGA.HC.8260.01",3,1164,23558,0,51,TRUE,FALSE,TRUE,FALSE,TRUE,2,TRUE,TRUE,2,0,1,1,FALSE,FALSE,0.0491604778818211,"(0.031,0.0836]",2
"TCGA.HC.8261.01",6,1158,23216,0,396,TRUE,TRUE,TRUE,FALSE,TRUE,3,TRUE,TRUE,2,0,2,1,FALSE,FALSE,0.0629641588634162,"(0.031,0.0836]",2
"TCGA.HC.8262.01",0,0,23646,1081,49,TRUE,FALSE,FALSE,TRUE,TRUE,2,FALSE,TRUE,1,2,0,2,TRUE,FALSE,0.0456086535356797,"(0.031,0.0836]",2
"TCGA.HC.8264.01",0,620,22857,1281,18,TRUE,FALSE,TRUE,TRUE,FALSE,2,TRUE,TRUE,2,0,1,1,FALSE,FALSE,0.0774539877300613,"(0.031,0.0836]",2
"TCGA.HC.8265.01",3905,1166,19259,0,446,FALSE,TRUE,TRUE,FALSE,TRUE,3,TRUE,TRUE,2,0,2,1,FALSE,FALSE,0.222675169518889,"(0.184,0.791]",4
"TCGA.HC.8266.01",638,1466,17884,4781,7,FALSE,TRUE,TRUE,TRUE,FALSE,3,TRUE,TRUE,2,0,2,1,FALSE,FALSE,0.278172424927349,"(0.184,0.791]",4
"TCGA.HC.A48F.01",618,0,14982,9095,81,FALSE,TRUE,FALSE,TRUE,TRUE,3,TRUE,TRUE,2,0,1,2,FALSE,FALSE,0.395301905069422,"(0.184,0.791]",4
"TCGA.HC.A4ZV.01",678,3541,16110,4435,12,FALSE,TRUE,TRUE,TRUE,FALSE,3,TRUE,TRUE,2,0,2,1,FALSE,FALSE,0.349773974814336,"(0.184,0.791]",4
"TCGA.HC.A631.01",13,6338,16733,1664,28,FALSE,TRUE,TRUE,TRUE,FALSE,3,TRUE,TRUE,2,0,2,1,FALSE,FALSE,0.324628672909267,"(0.184,0.791]",4
"TCGA.HC.A632.01",0,548,18863,4739,626,FALSE,FALSE,TRUE,TRUE,TRUE,3,TRUE,TRUE,2,0,1,2,TRUE,FALSE,0.238658379076526,"(0.184,0.791]",4
"TCGA.HC.A6AL.01",11,538,23427,799,1,TRUE,TRUE,TRUE,FALSE,FALSE,2,TRUE,FALSE,1,1,2,0,FALSE,FALSE,0.0544478527607362,"(0.031,0.0836]",2
"TCGA.HC.A6AN.01",41,0,22868,1865,2,TRUE,TRUE,FALSE,TRUE,FALSE,2,TRUE,TRUE,2,0,1,1,FALSE,FALSE,0.0770100096867937,"(0.031,0.0836]",2
"TCGA.HC.A6AO.01",52,554,22569,0,1601,TRUE,TRUE,TRUE,FALSE,TRUE,3,TRUE,TRUE,2,0,2,1,TRUE,FALSE,0.0890781401356151,"(0.0836,0.184]",3
"TCGA.HC.A6AP.01",8,2341,21700,0,727,TRUE,TRUE,TRUE,FALSE,TRUE,3,TRUE,TRUE,2,0,2,1,FALSE,FALSE,0.124152405553762,"(0.0836,0.184]",3
"TCGA.HC.A6AQ.01",0,0,24427,211,138,FALSE,FALSE,FALSE,FALSE,TRUE,1,FALSE,TRUE,1,2,0,1,TRUE,FALSE,0.0140862124636745,"[0,0.031]",1
"TCGA.HC.A6AS.01",5,1372,22637,709,53,TRUE,TRUE,TRUE,FALSE,TRUE,3,TRUE,TRUE,2,0,2,1,FALSE,FALSE,0.0863335485954149,"(0.0836,0.184]",3
"TCGA.HC.A6HX.01",156,0,23532,1021,67,TRUE,TRUE,FALSE,TRUE,TRUE,3,TRUE,TRUE,2,0,1,2,FALSE,FALSE,0.0502098805295447,"(0.031,0.0836]",2
"TCGA.HC.A6HY.01",2,0,23761,1012,1,TRUE,FALSE,FALSE,TRUE,FALSE,1,FALSE,TRUE,1,2,0,1,FALSE,TRUE,0.0409670649015176,"(0.031,0.0836]",2
"TCGA.HC.A76W.01",150,3780,16060,3907,879,FALSE,TRUE,TRUE,TRUE,TRUE,4,TRUE,TRUE,2,0,2,2,FALSE,FALSE,0.35179205682919,"(0.184,0.791]",4
"TCGA.HC.A76X.01",5,0,24628,0,143,FALSE,TRUE,FALSE,FALSE,TRUE,2,TRUE,TRUE,2,0,1,1,TRUE,FALSE,0.00597352276396513,"[0,0.031]",1
"TCGA.HC.A8CY.01",56,2757,19608,1229,1126,FALSE,TRUE,TRUE,TRUE,TRUE,4,TRUE,TRUE,2,0,2,2,FALSE,FALSE,0.208588957055215,"(0.184,0.791]",4
"TCGA.HC.A8D0.01",170,0,23309,1294,3,TRUE,TRUE,FALSE,TRUE,FALSE,2,TRUE,TRUE,2,0,1,1,FALSE,FALSE,0.0592105263157895,"(0.031,0.0836]",2
"TCGA.HC.A8D1.01",0,0,24219,0,557,FALSE,FALSE,FALSE,FALSE,TRUE,1,FALSE,TRUE,1,2,0,1,TRUE,FALSE,0.0224814336454634,"[0,0.031]",1
"TCGA.HC.A9TE.01",243,10188,6677,7038,630,FALSE,TRUE,TRUE,TRUE,TRUE,4,TRUE,TRUE,2,0,2,2,FALSE,FALSE,0.730505327736519,"(0.184,0.791]",4
"TCGA.HC.A9TH.01",221,0,21588,2822,145,TRUE,TRUE,FALSE,TRUE,TRUE,3,TRUE,TRUE,2,0,1,2,TRUE,FALSE,0.128672909267033,"(0.0836,0.184]",3
"TCGA.HI.7168.01",217,10085,6143,8219,112,FALSE,TRUE,TRUE,TRUE,TRUE,4,TRUE,TRUE,2,0,2,2,FALSE,FALSE,0.75205844365515,"(0.184,0.791]",4
"TCGA.HI.7169.01",0,0,24754,0,22,FALSE,FALSE,FALSE,FALSE,FALSE,0,FALSE,FALSE,0,0,0,0,TRUE,FALSE,0.000887956086535357,"[0,0.031]",1
"TCGA.HI.7170.01",49,0,24011,715,1,FALSE,TRUE,FALSE,FALSE,FALSE,1,TRUE,FALSE,1,1,1,0,FALSE,FALSE,0.0308766548272522,"[0,0.031]",1
"TCGA.HI.7171.01",469,2269,14364,7493,181,FALSE,TRUE,TRUE,TRUE,TRUE,4,TRUE,TRUE,2,0,2,2,FALSE,FALSE,0.420245398773006,"(0.184,0.791]",4
"TCGA.J4.8198.01",0,1165,23135,0,476,TRUE,FALSE,TRUE,FALSE,TRUE,2,TRUE,TRUE,2,0,1,1,FALSE,FALSE,0.0662334517274782,"(0.031,0.0836]",2
"TCGA.J4.8200.01",493,0,23964,0,319,TRUE,TRUE,FALSE,FALSE,TRUE,2,TRUE,TRUE,2,0,1,1,TRUE,FALSE,0.0327736519212141,"(0.031,0.0836]",2
"TCGA.J4.A67K.01",0,0,24333,0,443,FALSE,FALSE,FALSE,FALSE,TRUE,1,FALSE,TRUE,1,2,0,1,TRUE,FALSE,0.0178802066515983,"[0,0.031]",1
"TCGA.J4.A67L.01",674,0,22549,1269,284,TRUE,TRUE,FALSE,TRUE,TRUE,3,TRUE,TRUE,2,0,1,2,FALSE,FALSE,0.0898853729415563,"(0.0836,0.184]",3
"TCGA.J4.A67M.01",0,593,22431,1752,0,TRUE,FALSE,TRUE,TRUE,FALSE,2,TRUE,TRUE,2,0,1,1,FALSE,FALSE,0.0946480464966096,"(0.0836,0.184]",3
"TCGA.J4.A67N.01",0,0,21447,3316,13,TRUE,FALSE,FALSE,TRUE,FALSE,1,FALSE,TRUE,1,2,0,1,TRUE,FALSE,0.134363900548918,"(0.0836,0.184]",3
"TCGA.J4.A67O.01",14,0,23897,736,129,TRUE,TRUE,FALSE,FALSE,TRUE,2,TRUE,TRUE,2,0,1,1,TRUE,FALSE,0.0354778818211172,"(0.031,0.0836]",2
"TCGA.J4.A67Q.01",4,0,24772,0,0,FALSE,FALSE,FALSE,FALSE,FALSE,0,FALSE,FALSE,0,0,0,0,FALSE,FALSE,0.000161446561188247,"[0,0.031]",1
"TCGA.J4.A67R.01",2,0,24771,0,3,FALSE,FALSE,FALSE,FALSE,FALSE,0,FALSE,FALSE,0,0,0,0,TRUE,FALSE,0.000201808201485308,"[0,0.031]",1
"TCGA.J4.A67S.01",0,0,23196,1562,18,TRUE,FALSE,FALSE,TRUE,FALSE,1,FALSE,TRUE,1,2,0,1,TRUE,FALSE,0.0637713916693574,"(0.031,0.0836]",2
"TCGA.J4.A67T.01",0,0,24367,0,409,FALSE,FALSE,FALSE,FALSE,TRUE,1,FALSE,TRUE,1,2,0,1,TRUE,FALSE,0.0165079108814982,"[0,0.031]",1
"TCGA.J4.A6G1.01",2,0,24750,0,24,FALSE,FALSE,FALSE,FALSE,FALSE,0,FALSE,FALSE,0,0,0,0,TRUE,FALSE,0.0010494026477236,"[0,0.031]",1
"TCGA.J4.A6G3.01",0,0,24774,0,2,FALSE,FALSE,FALSE,FALSE,FALSE,0,FALSE,FALSE,0,0,0,0,TRUE,FALSE,8.07232805941233e-05,"[0,0.031]",1
"TCGA.J4.A6M7.01",0,0,24686,0,90,FALSE,FALSE,FALSE,FALSE,TRUE,1,FALSE,TRUE,1,2,0,1,TRUE,FALSE,0.00363254762673555,"[0,0.031]",1
"TCGA.J4.A83I.01",13,0,21615,3146,2,TRUE,TRUE,FALSE,TRUE,FALSE,2,TRUE,TRUE,2,0,1,1,FALSE,FALSE,0.127583144979012,"(0.0836,0.184]",3
"TCGA.J4.A83J.01",331,0,22243,2182,20,TRUE,TRUE,FALSE,TRUE,FALSE,2,TRUE,TRUE,2,0,1,1,FALSE,FALSE,0.102236034872457,"(0.0836,0.184]",3
"TCGA.J4.A83K.01",0,0,24753,0,23,FALSE,FALSE,FALSE,FALSE,FALSE,0,FALSE,FALSE,0,0,0,0,TRUE,FALSE,0.000928317726832418,"[0,0.031]",1
"TCGA.J4.A83L.01",66,0,24522,0,188,FALSE,TRUE,FALSE,FALSE,TRUE,2,TRUE,TRUE,2,0,1,1,TRUE,FALSE,0.0102518566354537,"[0,0.031]",1
"TCGA.J4.A83M.01",0,0,24320,0,456,FALSE,FALSE,FALSE,FALSE,TRUE,1,FALSE,TRUE,1,2,0,1,TRUE,FALSE,0.0184049079754601,"[0,0.031]",1
"TCGA.J4.A83N.01",0,0,24133,554,89,FALSE,FALSE,FALSE,FALSE,TRUE,1,FALSE,TRUE,1,2,0,1,TRUE,FALSE,0.0259525347110107,"[0,0.031]",1
"TCGA.J4.AATV.01",0,0,24759,0,17,FALSE,FALSE,FALSE,FALSE,FALSE,0,FALSE,FALSE,0,0,0,0,TRUE,FALSE,0.000686147885050048,"[0,0.031]",1
"TCGA.J4.AATZ.01",484,2869,20345,1047,31,TRUE,TRUE,TRUE,TRUE,FALSE,3,TRUE,TRUE,2,0,2,1,FALSE,FALSE,0.17884242815628,"(0.0836,0.184]",3
"TCGA.J4.AAU2.01",3,0,24423,0,350,FALSE,FALSE,FALSE,FALSE,TRUE,1,FALSE,TRUE,1,2,0,1,TRUE,FALSE,0.0142476590248628,"[0,0.031]",1
"TCGA.J9.A52B.01",116,1693,13395,9564,8,FALSE,TRUE,TRUE,TRUE,FALSE,3,TRUE,TRUE,2,0,2,1,FALSE,FALSE,0.459355828220859,"(0.184,0.791]",4
"TCGA.J9.A52C.01",0,0,23719,1056,1,TRUE,FALSE,FALSE,TRUE,FALSE,1,FALSE,TRUE,1,2,0,1,TRUE,FALSE,0.0426622537939942,"(0.031,0.0836]",2
"TCGA.J9.A52E.01",0,7050,10250,7393,83,FALSE,FALSE,TRUE,TRUE,TRUE,3,TRUE,TRUE,2,0,1,2,FALSE,FALSE,0.586293186955118,"(0.184,0.791]",4
"TCGA.J9.A8CK.01",2,0,22369,1004,1401,TRUE,FALSE,FALSE,FALSE,TRUE,1,FALSE,TRUE,1,2,0,1,TRUE,FALSE,0.0971504681950274,"(0.0836,0.184]",3
"TCGA.J9.A8CL.01",1009,5196,7298,10967,306,FALSE,TRUE,TRUE,TRUE,TRUE,4,TRUE,TRUE,2,0,2,2,FALSE,FALSE,0.705440749112044,"(0.184,0.791]",4
"TCGA.J9.A8CM.01",2,2894,19861,0,2019,FALSE,FALSE,TRUE,FALSE,TRUE,2,TRUE,TRUE,2,0,1,1,TRUE,FALSE,0.198377462060058,"(0.184,0.791]",4
"TCGA.J9.A8CN.01",410,1443,21996,927,0,TRUE,TRUE,TRUE,FALSE,FALSE,2,TRUE,FALSE,1,1,2,0,FALSE,FALSE,0.112205360025831,"(0.0836,0.184]",3
"TCGA.J9.A8CP.01",557,0,22271,1928,20,TRUE,TRUE,FALSE,TRUE,FALSE,2,TRUE,TRUE,2,0,1,1,FALSE,FALSE,0.101105908944139,"(0.0836,0.184]",3
"TCGA.KC.A4BL.01",298,0,24478,0,0,FALSE,TRUE,FALSE,FALSE,FALSE,1,TRUE,FALSE,1,1,1,0,FALSE,FALSE,0.0120277688085244,"[0,0.031]",1
"TCGA.KC.A4BN.01",1,0,24774,0,1,FALSE,FALSE,FALSE,FALSE,FALSE,0,FALSE,FALSE,0,0,0,0,TRUE,FALSE,8.07232805941233e-05,"[0,0.031]",1
"TCGA.KC.A4BO.01",0,0,24775,0,1,FALSE,FALSE,FALSE,FALSE,FALSE,0,FALSE,FALSE,0,0,0,0,TRUE,FALSE,4.03616402970617e-05,"[0,0.031]",1
"TCGA.KC.A4BR.01",0,0,24774,0,2,FALSE,FALSE,FALSE,FALSE,FALSE,0,FALSE,FALSE,0,0,0,0,TRUE,FALSE,8.07232805941233e-05,"[0,0.031]",1
"TCGA.KC.A4BV.01",1,659,20600,3514,2,TRUE,FALSE,TRUE,TRUE,FALSE,2,TRUE,TRUE,2,0,1,1,FALSE,FALSE,0.16855020988053,"(0.0836,0.184]",3
"TCGA.KC.A7F3.01",0,0,23764,0,1012,TRUE,FALSE,FALSE,FALSE,TRUE,1,FALSE,TRUE,1,2,0,1,TRUE,FALSE,0.0408459799806264,"(0.031,0.0836]",2
"TCGA.KC.A7F6.01",24,572,21864,2316,0,TRUE,TRUE,TRUE,TRUE,FALSE,3,TRUE,TRUE,2,0,2,1,FALSE,FALSE,0.117533096545044,"(0.0836,0.184]",3
"TCGA.KC.A7FA.01",8,2332,15275,7132,29,FALSE,TRUE,TRUE,TRUE,FALSE,3,TRUE,TRUE,2,0,2,1,FALSE,FALSE,0.383475944462383,"(0.184,0.791]",4
"TCGA.KC.A7FD.01",10,0,24387,378,1,FALSE,TRUE,FALSE,FALSE,FALSE,1,TRUE,FALSE,1,1,1,0,FALSE,FALSE,0.015700678075557,"[0,0.031]",1
"TCGA.KC.A7FE.01",0,0,24495,0,281,FALSE,FALSE,FALSE,FALSE,TRUE,1,FALSE,TRUE,1,2,0,1,TRUE,FALSE,0.0113416209234743,"[0,0.031]",1
"TCGA.KK.A59V.01",1,886,23177,0,712,TRUE,FALSE,TRUE,FALSE,TRUE,2,TRUE,TRUE,2,0,1,1,TRUE,FALSE,0.0645382628350016,"(0.031,0.0836]",2
"TCGA.KK.A59X.01",31,0,21396,3349,0,TRUE,TRUE,FALSE,TRUE,FALSE,2,TRUE,TRUE,2,0,1,1,FALSE,FALSE,0.136422344204068,"(0.0836,0.184]",3
"TCGA.KK.A59Y.01",966,0,22477,1308,25,TRUE,TRUE,FALSE,TRUE,FALSE,2,TRUE,TRUE,2,0,1,1,FALSE,FALSE,0.0927914110429448,"(0.0836,0.184]",3
"TCGA.KK.A59Z.01",0,5527,13070,5269,910,FALSE,FALSE,TRUE,TRUE,TRUE,3,TRUE,TRUE,2,0,1,2,FALSE,FALSE,0.472473361317404,"(0.184,0.791]",4
"TCGA.KK.A6DY.01",14,617,21676,2459,10,TRUE,TRUE,TRUE,TRUE,FALSE,3,TRUE,TRUE,2,0,2,1,FALSE,FALSE,0.125121084920891,"(0.0836,0.184]",3
"TCGA.KK.A6E0.01",34,0,20341,4401,0,TRUE,TRUE,FALSE,TRUE,FALSE,2,TRUE,TRUE,2,0,1,1,FALSE,FALSE,0.179003874717469,"(0.0836,0.184]",3
"TCGA.KK.A6E1.01",147,875,16439,7312,3,FALSE,TRUE,TRUE,TRUE,FALSE,3,TRUE,TRUE,2,0,2,1,FALSE,FALSE,0.336494995156603,"(0.184,0.791]",4
"TCGA.KK.A6E2.01",3,0,24225,0,548,FALSE,FALSE,FALSE,FALSE,TRUE,1,FALSE,TRUE,1,2,0,1,TRUE,FALSE,0.022239263803681,"[0,0.031]",1
"TCGA.KK.A6E3.01",0,0,24768,0,8,FALSE,FALSE,FALSE,FALSE,FALSE,0,FALSE,FALSE,0,0,0,0,TRUE,FALSE,0.000322893122376493,"[0,0.031]",1
"TCGA.KK.A6E4.01",0,0,19912,3956,908,FALSE,FALSE,FALSE,TRUE,TRUE,2,FALSE,TRUE,1,2,0,2,TRUE,FALSE,0.196319018404908,"(0.184,0.791]",4
"TCGA.KK.A6E5.01",2,0,21062,3702,10,TRUE,FALSE,FALSE,TRUE,FALSE,1,FALSE,TRUE,1,2,0,1,TRUE,FALSE,0.149903132063287,"(0.0836,0.184]",3
"TCGA.KK.A6E6.01",0,0,14972,9665,139,FALSE,FALSE,FALSE,TRUE,TRUE,2,FALSE,TRUE,1,2,0,2,TRUE,FALSE,0.395705521472393,"(0.184,0.791]",4
"TCGA.KK.A6E7.01",14,0,20340,4421,1,TRUE,TRUE,FALSE,TRUE,FALSE,2,TRUE,TRUE,2,0,1,1,FALSE,FALSE,0.179044236357766,"(0.0836,0.184]",3
"TCGA.KK.A6E8.01",0,5214,18122,1440,0,FALSE,FALSE,TRUE,TRUE,FALSE,2,TRUE,TRUE,2,0,1,1,FALSE,FALSE,0.268566354536648,"(0.184,0.791]",4
"TCGA.KK.A7AP.01",2360,1384,18169,2863,0,FALSE,TRUE,TRUE,TRUE,FALSE,3,TRUE,TRUE,2,0,2,1,FALSE,FALSE,0.266669357442686,"(0.184,0.791]",4
"TCGA.KK.A7AQ.01",268,0,22624,356,1528,TRUE,TRUE,FALSE,FALSE,TRUE,2,TRUE,TRUE,2,0,1,1,TRUE,FALSE,0.0868582499192767,"(0.0836,0.184]",3
"TCGA.KK.A7AU.01",1,1472,21983,1307,13,TRUE,FALSE,TRUE,TRUE,FALSE,2,TRUE,TRUE,2,0,1,1,FALSE,FALSE,0.112730061349693,"(0.0836,0.184]",3
"TCGA.KK.A7AV.01",3,1614,22169,0,990,TRUE,FALSE,TRUE,FALSE,TRUE,2,TRUE,TRUE,2,0,1,1,TRUE,FALSE,0.10522279625444,"(0.0836,0.184]",3
"TCGA.KK.A7AW.01",427,0,23302,1047,0,TRUE,TRUE,FALSE,TRUE,FALSE,2,TRUE,TRUE,2,0,1,1,FALSE,FALSE,0.0594930577978689,"(0.031,0.0836]",2
"TCGA.KK.A7AY.01",186,590,23142,0,858,TRUE,TRUE,TRUE,FALSE,TRUE,3,TRUE,TRUE,2,0,2,1,TRUE,FALSE,0.0659509202453988,"(0.031,0.0836]",2
"TCGA.KK.A7AZ.01",1408,712,21527,1128,1,TRUE,TRUE,TRUE,TRUE,FALSE,3,TRUE,TRUE,2,0,2,1,FALSE,FALSE,0.131134969325153,"(0.0836,0.184]",3
"TCGA.KK.A7B0.01",10,1160,22299,0,1307,TRUE,TRUE,TRUE,FALSE,TRUE,3,TRUE,TRUE,2,0,2,1,TRUE,FALSE,0.0999757830158218,"(0.0836,0.184]",3
"TCGA.KK.A7B1.01",0,0,23818,0,958,TRUE,FALSE,FALSE,FALSE,TRUE,1,FALSE,TRUE,1,2,0,1,TRUE,FALSE,0.0386664514045851,"(0.031,0.0836]",2
"TCGA.KK.A7B2.01",431,0,24344,0,1,FALSE,TRUE,FALSE,FALSE,FALSE,1,TRUE,FALSE,1,1,1,0,FALSE,FALSE,0.0174362286083306,"[0,0.031]",1
"TCGA.KK.A7B3.01",0,738,22012,858,1168,TRUE,FALSE,TRUE,FALSE,TRUE,2,TRUE,TRUE,2,0,1,1,TRUE,FALSE,0.111559573781078,"(0.0836,0.184]",3
"TCGA.KK.A7B4.01",551,7227,12793,4197,8,FALSE,TRUE,TRUE,TRUE,FALSE,3,TRUE,TRUE,2,0,2,1,FALSE,FALSE,0.48365353567969,"(0.184,0.791]",4
"TCGA.KK.A8I4.01",8,7914,15094,1739,21,FALSE,TRUE,TRUE,TRUE,FALSE,3,TRUE,TRUE,2,0,2,1,FALSE,FALSE,0.390781401356151,"(0.184,0.791]",4
"TCGA.KK.A8I5.01",7,0,22192,2368,209,TRUE,TRUE,FALSE,TRUE,TRUE,3,TRUE,TRUE,2,0,1,2,TRUE,FALSE,0.104294478527607,"(0.0836,0.184]",3
"TCGA.KK.A8I6.01",563,0,21240,2076,897,TRUE,TRUE,FALSE,TRUE,TRUE,3,TRUE,TRUE,2,0,1,2,TRUE,FALSE,0.14271876009041,"(0.0836,0.184]",3
"TCGA.KK.A8I7.01",183,1507,21371,1708,7,TRUE,TRUE,TRUE,TRUE,FALSE,3,TRUE,TRUE,2,0,2,1,FALSE,FALSE,0.137431385211495,"(0.0836,0.184]",3
"TCGA.KK.A8I8.01",0,758,22380,1620,18,TRUE,FALSE,TRUE,TRUE,FALSE,2,TRUE,TRUE,2,0,1,1,FALSE,FALSE,0.0967064901517598,"(0.0836,0.184]",3
"TCGA.KK.A8I9.01",2,617,22536,414,1207,TRUE,FALSE,TRUE,FALSE,TRUE,2,TRUE,TRUE,2,0,1,1,TRUE,FALSE,0.0904100742654182,"(0.0836,0.184]",3
"TCGA.KK.A8IA.01",632,3300,11262,9196,386,FALSE,TRUE,TRUE,TRUE,TRUE,4,TRUE,TRUE,2,0,2,2,FALSE,FALSE,0.545447206974491,"(0.184,0.791]",4
"TCGA.KK.A8IB.01",0,3772,18847,1829,328,FALSE,FALSE,TRUE,TRUE,TRUE,3,TRUE,TRUE,2,0,1,2,FALSE,FALSE,0.239304165321279,"(0.184,0.791]",4
"TCGA.KK.A8IC.01",171,547,20158,3896,4,FALSE,TRUE,TRUE,TRUE,FALSE,3,TRUE,TRUE,2,0,2,1,FALSE,FALSE,0.186390054891831,"(0.184,0.791]",4
"TCGA.KK.A8ID.01",3850,3748,16654,0,524,FALSE,TRUE,TRUE,FALSE,TRUE,3,TRUE,TRUE,2,0,2,1,FALSE,FALSE,0.327817242492735,"(0.184,0.791]",4
"TCGA.KK.A8IF.01",677,7216,15027,1856,0,FALSE,TRUE,TRUE,TRUE,FALSE,3,TRUE,TRUE,2,0,2,1,FALSE,FALSE,0.393485631256054,"(0.184,0.791]",4
"TCGA.KK.A8IG.01",0,1722,15686,7363,5,FALSE,FALSE,TRUE,TRUE,FALSE,2,TRUE,TRUE,2,0,1,1,FALSE,FALSE,0.366887310300291,"(0.184,0.791]",4
"TCGA.KK.A8IH.01",10,0,21126,3611,29,TRUE,TRUE,FALSE,TRUE,FALSE,2,TRUE,TRUE,2,0,1,1,TRUE,FALSE,0.147319987084275,"(0.0836,0.184]",3
"TCGA.KK.A8II.01",7,1579,21092,2016,82,TRUE,TRUE,TRUE,TRUE,TRUE,4,TRUE,TRUE,2,0,2,2,FALSE,FALSE,0.148692282854375,"(0.0836,0.184]",3
"TCGA.KK.A8IJ.01",1,0,24012,761,2,FALSE,FALSE,FALSE,FALSE,FALSE,0,FALSE,FALSE,0,0,0,0,TRUE,FALSE,0.0308362931869551,"[0,0.031]",1
"TCGA.KK.A8IK.01",2,5532,11951,7193,98,FALSE,FALSE,TRUE,TRUE,TRUE,3,TRUE,TRUE,2,0,1,2,FALSE,FALSE,0.517638036809816,"(0.184,0.791]",4
"TCGA.KK.A8IL.01",0,0,24370,0,406,FALSE,FALSE,FALSE,FALSE,TRUE,1,FALSE,TRUE,1,2,0,1,TRUE,FALSE,0.016386825960607,"[0,0.031]",1
"TCGA.KK.A8IM.01",1,0,23546,1205,24,TRUE,FALSE,FALSE,TRUE,FALSE,1,FALSE,TRUE,1,2,0,1,TRUE,FALSE,0.0496448175653859,"(0.031,0.0836]",2
"TCGA.M7.A71Y.01",0,0,24195,580,1,FALSE,FALSE,FALSE,FALSE,FALSE,0,FALSE,FALSE,0,0,0,0,TRUE,FALSE,0.0234501130125928,"[0,0.031]",1
"TCGA.M7.A71Z.01",5,0,23080,1661,30,TRUE,TRUE,FALSE,TRUE,FALSE,2,TRUE,TRUE,2,0,1,1,TRUE,FALSE,0.0684533419438166,"(0.031,0.0836]",2
"TCGA.M7.A720.01",0,0,24774,0,2,FALSE,FALSE,FALSE,FALSE,FALSE,0,FALSE,FALSE,0,0,0,0,TRUE,FALSE,8.07232805941233e-05,"[0,0.031]",1
"TCGA.M7.A721.01",5,1165,22310,1284,12,TRUE,TRUE,TRUE,TRUE,FALSE,3,TRUE,TRUE,2,0,2,1,FALSE,FALSE,0.0995318049725541,"(0.0836,0.184]",3
"TCGA.M7.A722.01",9,0,24074,0,693,FALSE,TRUE,FALSE,FALSE,TRUE,2,TRUE,TRUE,2,0,1,1,TRUE,FALSE,0.0283338714885373,"[0,0.031]",1
"TCGA.M7.A723.01",0,0,24776,0,0,FALSE,FALSE,FALSE,FALSE,FALSE,0,FALSE,FALSE,0,0,0,0,FALSE,TRUE,0,"[0,0.031]",1
"TCGA.M7.A724.01",17,887,22350,1494,28,TRUE,TRUE,TRUE,TRUE,FALSE,3,TRUE,TRUE,2,0,2,1,FALSE,FALSE,0.0979173393606716,"(0.0836,0.184]",3
"TCGA.M7.A725.01",0,1726,18597,4451,2,FALSE,FALSE,TRUE,TRUE,FALSE,2,TRUE,TRUE,2,0,1,1,FALSE,FALSE,0.249394575395544,"(0.184,0.791]",4
"TCGA.MG.AAMC.01",179,0,22740,1813,44,TRUE,TRUE,FALSE,TRUE,TRUE,3,TRUE,TRUE,2,0,1,2,FALSE,FALSE,0.0821762996448176,"(0.031,0.0836]",2
"TCGA.QU.A6IL.01",0,1139,21587,0,2050,TRUE,FALSE,TRUE,FALSE,TRUE,2,TRUE,TRUE,2,0,1,1,TRUE,FALSE,0.12871327090733,"(0.0836,0.184]",3
"TCGA.QU.A6IM.01",0,820,23313,0,643,TRUE,FALSE,TRUE,FALSE,TRUE,2,TRUE,TRUE,2,0,1,1,TRUE,FALSE,0.0590490797546012,"(0.031,0.0836]",2
"TCGA.QU.A6IN.01",8,0,23840,0,928,TRUE,TRUE,FALSE,FALSE,TRUE,2,TRUE,TRUE,2,0,1,1,TRUE,FALSE,0.0377784953180497,"(0.031,0.0836]",2
"TCGA.QU.A6IO.01",0,1106,22055,1084,531,TRUE,FALSE,TRUE,TRUE,TRUE,3,TRUE,TRUE,2,0,1,2,FALSE,FALSE,0.109824023248305,"(0.0836,0.184]",3
"TCGA.QU.A6IP.01",0,0,24657,0,119,FALSE,FALSE,FALSE,FALSE,TRUE,1,FALSE,TRUE,1,2,0,1,TRUE,FALSE,0.00480303519535034,"[0,0.031]",1
"TCGA.SU.A7E7.01",1,0,23564,1210,1,TRUE,FALSE,FALSE,TRUE,FALSE,1,FALSE,TRUE,1,2,0,1,TRUE,FALSE,0.0489183080400387,"(0.031,0.0836]",2
"TCGA.TK.A8OK.01",566,0,22200,1996,14,TRUE,TRUE,FALSE,TRUE,FALSE,2,TRUE,TRUE,2,0,1,1,FALSE,FALSE,0.103971585405231,"(0.0836,0.184]",3
"TCGA.TP.A8TT.01",66,457,22828,0,1425,TRUE,TRUE,TRUE,FALSE,TRUE,3,TRUE,TRUE,2,0,2,1,TRUE,FALSE,0.0786244752986761,"(0.031,0.0836]",2
"TCGA.TP.A8TV.01",9,1161,18057,5510,39,FALSE,TRUE,TRUE,TRUE,FALSE,3,TRUE,TRUE,2,0,2,1,FALSE,FALSE,0.271189861155957,"(0.184,0.791]",4
"TCGA.V1.A8MF.01",225,689,22745,1107,10,TRUE,TRUE,TRUE,TRUE,FALSE,3,TRUE,TRUE,2,0,2,1,FALSE,FALSE,0.0819744914433323,"(0.031,0.0836]",2
"TCGA.V1.A8MG.01",0,1803,19849,2673,451,FALSE,FALSE,TRUE,TRUE,TRUE,3,TRUE,TRUE,2,0,1,2,FALSE,FALSE,0.198861801743623,"(0.184,0.791]",4
"TCGA.V1.A8MJ.01",3,999,21991,1783,0,TRUE,FALSE,TRUE,TRUE,FALSE,2,TRUE,TRUE,2,0,1,1,FALSE,FALSE,0.112407168227317,"(0.0836,0.184]",3
"TCGA.V1.A8MK.01",0,0,24774,0,2,FALSE,FALSE,FALSE,FALSE,FALSE,0,FALSE,FALSE,0,0,0,0,TRUE,FALSE,8.07232805941233e-05,"[0,0.031]",1
"TCGA.V1.A8ML.01",8,0,24053,611,104,FALSE,TRUE,FALSE,FALSE,TRUE,2,TRUE,TRUE,2,0,1,1,TRUE,FALSE,0.0291814659347756,"[0,0.031]",1
"TCGA.V1.A8MM.01",97,426,22712,0,1541,TRUE,TRUE,TRUE,FALSE,TRUE,3,TRUE,TRUE,2,0,2,1,TRUE,FALSE,0.0833064255731353,"(0.031,0.0836]",2
"TCGA.V1.A8MU.01",34,0,23774,961,7,TRUE,TRUE,FALSE,FALSE,FALSE,1,TRUE,FALSE,1,1,1,0,FALSE,FALSE,0.0404423635776558,"(0.031,0.0836]",2
"TCGA.V1.A8WL.01",3,1235,22726,812,0,TRUE,FALSE,TRUE,FALSE,FALSE,1,TRUE,FALSE,1,1,1,0,FALSE,FALSE,0.0827413626089764,"(0.031,0.0836]",2
"TCGA.V1.A8WN.01",0,0,24466,0,310,FALSE,FALSE,FALSE,FALSE,TRUE,1,FALSE,TRUE,1,2,0,1,TRUE,FALSE,0.0125121084920891,"[0,0.031]",1
"TCGA.V1.A8WS.01",0,0,20004,4153,619,FALSE,FALSE,FALSE,TRUE,TRUE,2,FALSE,TRUE,1,2,0,2,TRUE,FALSE,0.192605747497578,"(0.184,0.791]",4
"TCGA.V1.A8WV.01",228,9159,8099,6954,336,FALSE,TRUE,TRUE,TRUE,TRUE,4,TRUE,TRUE,2,0,2,2,FALSE,FALSE,0.673111075234098,"(0.184,0.791]",4
"TCGA.V1.A8WW.01",486,5513,10908,7811,58,FALSE,TRUE,TRUE,TRUE,TRUE,4,TRUE,TRUE,2,0,2,2,FALSE,FALSE,0.559735227639651,"(0.184,0.791]",4
"TCGA.V1.A8X3.01",0,0,22308,2004,464,TRUE,FALSE,FALSE,TRUE,TRUE,2,FALSE,TRUE,1,2,0,2,TRUE,FALSE,0.0996125282531482,"(0.0836,0.184]",3
"TCGA.V1.A9O5.01",230,4220,15302,5024,0,FALSE,TRUE,TRUE,TRUE,FALSE,3,TRUE,TRUE,2,0,2,1,FALSE,FALSE,0.382386180174362,"(0.184,0.791]",4
"TCGA.V1.A9O7.01",28,3974,14494,6268,12,FALSE,TRUE,TRUE,TRUE,FALSE,3,TRUE,TRUE,2,0,2,1,FALSE,FALSE,0.414998385534388,"(0.184,0.791]",4
"TCGA.V1.A9O9.01",357,0,22194,2213,12,TRUE,TRUE,FALSE,TRUE,FALSE,2,TRUE,TRUE,2,0,1,1,FALSE,FALSE,0.104213755247013,"(0.0836,0.184]",3
"TCGA.V1.A9OA.01",0,1623,20662,2484,7,TRUE,FALSE,TRUE,TRUE,FALSE,2,TRUE,TRUE,2,0,1,1,FALSE,FALSE,0.166047788182112,"(0.0836,0.184]",3
"TCGA.V1.A9OF.01",6,0,24447,0,323,FALSE,TRUE,FALSE,FALSE,TRUE,2,TRUE,TRUE,2,0,1,1,TRUE,FALSE,0.0132789796577333,"[0,0.031]",1
"TCGA.V1.A9OH.01",1,1382,22480,911,2,TRUE,FALSE,TRUE,FALSE,FALSE,1,TRUE,FALSE,1,1,1,0,FALSE,FALSE,0.0926703261220536,"(0.0836,0.184]",3
"TCGA.V1.A9OL.01",7,2288,16593,5856,32,FALSE,TRUE,TRUE,TRUE,FALSE,3,TRUE,TRUE,2,0,2,1,FALSE,FALSE,0.330279302550856,"(0.184,0.791]",4
"TCGA.V1.A9OQ.01",1,0,24056,0,719,FALSE,FALSE,FALSE,FALSE,TRUE,1,FALSE,TRUE,1,2,0,1,TRUE,FALSE,0.0290603810138844,"[0,0.031]",1
"TCGA.V1.A9OT.01",28,0,23814,0,934,TRUE,TRUE,FALSE,FALSE,TRUE,2,TRUE,TRUE,2,0,1,1,TRUE,FALSE,0.0388278979657733,"(0.031,0.0836]",2
"TCGA.V1.A9OX.01",0,1372,22001,0,1403,TRUE,FALSE,TRUE,FALSE,TRUE,2,TRUE,TRUE,2,0,1,1,TRUE,FALSE,0.112003551824346,"(0.0836,0.184]",3
"TCGA.V1.A9OY.01",9,0,24239,0,528,FALSE,TRUE,FALSE,FALSE,TRUE,2,TRUE,TRUE,2,0,1,1,TRUE,FALSE,0.0216742008395221,"[0,0.031]",1
"TCGA.V1.A9Z7.01",150,1255,20226,3025,120,TRUE,TRUE,TRUE,TRUE,TRUE,4,TRUE,TRUE,2,0,2,2,FALSE,FALSE,0.183645463351631,"(0.0836,0.184]",3
"TCGA.V1.A9Z8.01",284,888,22717,0,887,TRUE,TRUE,TRUE,FALSE,TRUE,3,TRUE,TRUE,2,0,2,1,TRUE,FALSE,0.08310461737165,"(0.031,0.0836]",2
"TCGA.V1.A9Z9.01",1,0,23722,0,1053,TRUE,FALSE,FALSE,FALSE,TRUE,1,FALSE,TRUE,1,2,0,1,TRUE,FALSE,0.042541168873103,"(0.031,0.0836]",2
"TCGA.V1.A9ZG.01",3,0,24040,0,733,FALSE,FALSE,FALSE,FALSE,TRUE,1,FALSE,TRUE,1,2,0,1,TRUE,FALSE,0.0297061672586374,"[0,0.031]",1
"TCGA.V1.A9ZI.01",42,2294,20569,1841,30,TRUE,TRUE,TRUE,TRUE,FALSE,3,TRUE,TRUE,2,0,2,1,FALSE,FALSE,0.169801420729738,"(0.0836,0.184]",3
"TCGA.V1.A9ZK.01",549,0,21974,2231,22,TRUE,TRUE,FALSE,TRUE,FALSE,2,TRUE,TRUE,2,0,1,1,FALSE,FALSE,0.113093316112367,"(0.0836,0.184]",3
"TCGA.V1.A9ZR.01",32,0,22542,0,2202,TRUE,TRUE,FALSE,FALSE,TRUE,2,TRUE,TRUE,2,0,1,1,TRUE,FALSE,0.0901679044236358,"(0.0836,0.184]",3
"TCGA.VN.A88I.01",575,0,24118,0,83,FALSE,TRUE,FALSE,FALSE,TRUE,2,TRUE,TRUE,2,0,1,1,FALSE,FALSE,0.0265579593154666,"[0,0.031]",1
"TCGA.VN.A88K.01",182,2627,19807,2008,152,FALSE,TRUE,TRUE,TRUE,TRUE,4,TRUE,TRUE,2,0,2,2,FALSE,FALSE,0.200556990636099,"(0.184,0.791]",4
"TCGA.VN.A88L.01",0,0,23852,0,924,TRUE,FALSE,FALSE,FALSE,TRUE,1,FALSE,TRUE,1,2,0,1,TRUE,FALSE,0.037294155634485,"(0.031,0.0836]",2
"TCGA.VN.A88M.01",6,563,23321,406,480,TRUE,TRUE,TRUE,FALSE,TRUE,3,TRUE,TRUE,2,0,2,1,TRUE,FALSE,0.0587261866322247,"(0.031,0.0836]",2
"TCGA.VN.A88N.01",4,0,24189,0,583,FALSE,FALSE,FALSE,FALSE,TRUE,1,FALSE,TRUE,1,2,0,1,TRUE,FALSE,0.0236922828543752,"[0,0.031]",1
"TCGA.VN.A88O.01",12,0,23628,1132,4,TRUE,TRUE,FALSE,TRUE,FALSE,2,TRUE,TRUE,2,0,1,1,FALSE,FALSE,0.0463351630610268,"(0.031,0.0836]",2
"TCGA.VN.A88P.01",0,1690,20979,972,1135,TRUE,FALSE,TRUE,FALSE,TRUE,2,TRUE,TRUE,2,0,1,1,TRUE,FALSE,0.153253148207943,"(0.0836,0.184]",3
"TCGA.VN.A88Q.01",15,1132,22806,815,8,TRUE,TRUE,TRUE,FALSE,FALSE,2,TRUE,FALSE,1,1,2,0,FALSE,FALSE,0.0795124313852115,"(0.031,0.0836]",2
"TCGA.VN.A88R.01",492,0,22475,326,1483,TRUE,TRUE,FALSE,FALSE,TRUE,2,TRUE,TRUE,2,0,1,1,TRUE,FALSE,0.0928721343235389,"(0.0836,0.184]",3
"TCGA.VN.A943.01",1,1866,22204,685,20,TRUE,FALSE,TRUE,FALSE,FALSE,1,TRUE,FALSE,1,1,1,0,FALSE,FALSE,0.103810138844043,"(0.0836,0.184]",3
"TCGA.VP.A872.01",1,7245,13706,3804,20,FALSE,FALSE,TRUE,TRUE,FALSE,2,TRUE,TRUE,2,0,1,1,FALSE,FALSE,0.446803358088473,"(0.184,0.791]",4
"TCGA.VP.A875.01",9,9529,5190,8882,1166,FALSE,TRUE,TRUE,TRUE,TRUE,4,TRUE,TRUE,2,0,2,2,FALSE,FALSE,0.79052308685825,"(0.184,0.791]",4
"TCGA.VP.A876.01",99,411,20646,3029,591,TRUE,TRUE,TRUE,TRUE,TRUE,4,TRUE,TRUE,2,0,2,2,TRUE,FALSE,0.166693574426865,"(0.0836,0.184]",3
"TCGA.VP.A878.01",10,0,23653,0,1113,TRUE,TRUE,FALSE,FALSE,TRUE,2,TRUE,TRUE,2,0,1,1,TRUE,FALSE,0.0453261220536003,"(0.031,0.0836]",2
"TCGA.VP.A879.01",0,0,24420,0,356,FALSE,FALSE,FALSE,FALSE,TRUE,1,FALSE,TRUE,1,2,0,1,TRUE,FALSE,0.014368743945754,"[0,0.031]",1
"TCGA.VP.A87B.01",28,1192,22132,387,1037,TRUE,TRUE,TRUE,FALSE,TRUE,3,TRUE,TRUE,2,0,2,1,TRUE,FALSE,0.106716176945431,"(0.0836,0.184]",3
"TCGA.VP.A87C.01",18,0,23160,1593,5,TRUE,TRUE,FALSE,TRUE,FALSE,2,TRUE,TRUE,2,0,1,1,FALSE,FALSE,0.0652244107200517,"(0.031,0.0836]",2
"TCGA.VP.A87D.01",155,1467,20721,2353,80,TRUE,TRUE,TRUE,TRUE,TRUE,4,TRUE,TRUE,2,0,2,2,FALSE,FALSE,0.163666451404585,"(0.0836,0.184]",3
"TCGA.VP.A87E.01",0,0,24774,0,2,FALSE,FALSE,FALSE,FALSE,FALSE,0,FALSE,FALSE,0,0,0,0,TRUE,FALSE,8.07232805941233e-05,"[0,0.031]",1
"TCGA.VP.A87H.01",3,7642,16659,0,472,FALSE,FALSE,TRUE,FALSE,TRUE,2,TRUE,TRUE,2,0,1,1,FALSE,FALSE,0.32761543429125,"(0.184,0.791]",4
"TCGA.VP.A87J.01",0,0,22842,1930,4,TRUE,FALSE,FALSE,TRUE,FALSE,1,FALSE,TRUE,1,2,0,1,TRUE,FALSE,0.0780594123345173,"(0.031,0.0836]",2
"TCGA.VP.A87K.01",574,0,18560,5491,151,FALSE,TRUE,FALSE,TRUE,TRUE,3,TRUE,TRUE,2,0,1,2,FALSE,FALSE,0.250887956086535,"(0.184,0.791]",4
"TCGA.VP.AA1N.01",0,1737,12314,8968,1757,FALSE,FALSE,TRUE,TRUE,TRUE,3,TRUE,TRUE,2,0,1,2,TRUE,FALSE,0.502986761381983,"(0.184,0.791]",4
"TCGA.WW.A8ZI.01",2,0,21694,1139,1941,TRUE,FALSE,FALSE,TRUE,TRUE,2,FALSE,TRUE,1,2,0,2,TRUE,FALSE,0.124394575395544,"(0.0836,0.184]",3
"TCGA.X4.A8KQ.01",0,2284,19795,2696,1,FALSE,FALSE,TRUE,TRUE,FALSE,2,TRUE,TRUE,2,0,1,1,FALSE,FALSE,0.201041330319664,"(0.184,0.791]",4
"TCGA.X4.A8KS.01",18,1348,23034,0,376,TRUE,TRUE,TRUE,FALSE,TRUE,3,TRUE,TRUE,2,0,2,1,FALSE,FALSE,0.0703099773974814,"(0.031,0.0836]",2
"TCGA.XA.A8JR.01",6,0,24296,0,474,FALSE,TRUE,FALSE,FALSE,TRUE,2,TRUE,TRUE,2,0,1,1,TRUE,FALSE,0.0193735873425896,"[0,0.031]",1
"TCGA.XJ.A83F.01",2,0,23017,1755,2,TRUE,FALSE,FALSE,TRUE,FALSE,1,FALSE,TRUE,1,2,0,1,TRUE,FALSE,0.0709961252825315,"(0.031,0.0836]",2
"TCGA.XJ.A83G.01",0,1294,21354,522,1606,TRUE,FALSE,TRUE,FALSE,TRUE,2,TRUE,TRUE,2,0,1,1,TRUE,FALSE,0.138117533096545,"(0.0836,0.184]",3
"TCGA.XJ.A83H.01",4,2420,21071,1274,7,TRUE,FALSE,TRUE,TRUE,FALSE,2,TRUE,TRUE,2,0,1,1,FALSE,FALSE,0.149539877300613,"(0.0836,0.184]",3
"TCGA.XJ.A9DI.01",1,0,23511,1256,8,TRUE,FALSE,FALSE,TRUE,FALSE,1,FALSE,TRUE,1,2,0,1,TRUE,FALSE,0.051057474975783,"(0.031,0.0836]",2
"TCGA.XJ.A9DK.01",1,0,24774,0,1,FALSE,FALSE,FALSE,FALSE,FALSE,0,FALSE,FALSE,0,0,0,0,TRUE,FALSE,8.07232805941233e-05,"[0,0.031]",1
"TCGA.XJ.A9DQ.01",66,0,24364,346,0,FALSE,TRUE,FALSE,FALSE,FALSE,1,TRUE,FALSE,1,1,1,0,FALSE,FALSE,0.0166289958023894,"[0,0.031]",1
"TCGA.XJ.A9DX.01",3516,4699,14981,1577,3,FALSE,TRUE,TRUE,TRUE,FALSE,3,TRUE,TRUE,2,0,2,1,FALSE,FALSE,0.395342266709719,"(0.184,0.791]",4
"TCGA.XK.AAIR.01",82,0,23339,1343,12,TRUE,TRUE,FALSE,TRUE,FALSE,2,TRUE,TRUE,2,0,1,1,FALSE,FALSE,0.0579996771068776,"(0.031,0.0836]",2
"TCGA.XK.AAIV.01",242,9709,9549,5185,91,FALSE,TRUE,TRUE,TRUE,TRUE,4,TRUE,TRUE,2,0,2,2,FALSE,FALSE,0.614586696803358,"(0.184,0.791]",4
"TCGA.XK.AAIW.01",9,0,24361,405,1,FALSE,TRUE,FALSE,FALSE,FALSE,1,TRUE,FALSE,1,1,1,0,FALSE,FALSE,0.0167500807232806,"[0,0.031]",1
"TCGA.XK.AAJ3.01",9,1275,21711,648,1133,TRUE,TRUE,TRUE,FALSE,TRUE,3,TRUE,TRUE,2,0,2,1,TRUE,FALSE,0.123708427510494,"(0.0836,0.184]",3
"TCGA.XK.AAJA.01",9,885,17562,4626,1694,FALSE,TRUE,TRUE,TRUE,TRUE,4,TRUE,TRUE,2,0,2,2,TRUE,FALSE,0.291168873103003,"(0.184,0.791]",4
"TCGA.XK.AAJP.01",15,0,21592,3142,27,TRUE,TRUE,FALSE,TRUE,FALSE,2,TRUE,TRUE,2,0,1,1,TRUE,FALSE,0.128511462705844,"(0.0836,0.184]",3
"TCGA.XK.AAJR.01",0,0,22722,2045,9,TRUE,FALSE,FALSE,TRUE,FALSE,1,FALSE,TRUE,1,2,0,1,TRUE,FALSE,0.0829028091701647,"(0.031,0.0836]",2
"TCGA.XK.AAJT.01",2,2538,16457,3396,2383,FALSE,FALSE,TRUE,TRUE,TRUE,3,TRUE,TRUE,2,0,1,2,TRUE,FALSE,0.335768485631256,"(0.184,0.791]",4
"TCGA.XK.AAJU.01",0,0,24773,0,3,FALSE,FALSE,FALSE,FALSE,FALSE,0,FALSE,FALSE,0,0,0,0,TRUE,FALSE,0.000121084920891185,"[0,0.031]",1
"TCGA.XK.AAK1.01",0,0,23482,0,1294,TRUE,FALSE,FALSE,FALSE,TRUE,1,FALSE,TRUE,1,2,0,1,TRUE,FALSE,0.0522279625443978,"(0.031,0.0836]",2
"TCGA.XQ.A8TA.01",1211,2516,14140,6849,60,FALSE,TRUE,TRUE,TRUE,TRUE,4,TRUE,TRUE,2,0,2,2,FALSE,FALSE,0.429286406199548,"(0.184,0.791]",4
"TCGA.XQ.A8TB.01",0,0,23224,1541,11,TRUE,FALSE,FALSE,TRUE,FALSE,1,FALSE,TRUE,1,2,0,1,TRUE,FALSE,0.0626412657410397,"(0.031,0.0836]",2
"TCGA.Y6.A8TL.01",3,0,24153,0,620,FALSE,FALSE,FALSE,FALSE,TRUE,1,FALSE,TRUE,1,2,0,1,TRUE,FALSE,0.0251453019050694,"[0,0.031]",1
"TCGA.Y6.A9XI.01",3,0,22972,1796,5,TRUE,FALSE,FALSE,TRUE,FALSE,1,FALSE,TRUE,1,2,0,1,TRUE,FALSE,0.0728123990958993,"(0.031,0.0836]",2
"TCGA.YJ.A8SW.01",339,9112,14076,1247,2,FALSE,TRUE,TRUE,TRUE,FALSE,3,TRUE,TRUE,2,0,2,1,FALSE,FALSE,0.43186955117856,"(0.184,0.791]",4
"TCGA.YL.A8HJ.01",6,0,24109,0,661,FALSE,TRUE,FALSE,FALSE,TRUE,2,TRUE,TRUE,2,0,1,1,TRUE,FALSE,0.0269212140781401,"[0,0.031]",1
"TCGA.YL.A8HK.01",151,0,21046,3562,17,TRUE,TRUE,FALSE,TRUE,FALSE,2,TRUE,TRUE,2,0,1,1,FALSE,FALSE,0.15054891830804,"(0.0836,0.184]",3
"TCGA.YL.A8HL.01",1,0,22524,2240,11,TRUE,FALSE,FALSE,TRUE,FALSE,1,FALSE,TRUE,1,2,0,1,TRUE,FALSE,0.0908944139489829,"(0.0836,0.184]",3
"TCGA.YL.A8HM.01",88,5954,13106,3973,1655,FALSE,TRUE,TRUE,TRUE,TRUE,4,TRUE,TRUE,2,0,2,2,FALSE,FALSE,0.47102034226671,"(0.184,0.791]",4
"TCGA.YL.A8HO.01",0,6720,10384,7034,638,FALSE,FALSE,TRUE,TRUE,TRUE,3,TRUE,TRUE,2,0,1,2,FALSE,FALSE,0.580884727155312,"(0.184,0.791]",4
"TCGA.YL.A8S8.01",15,6753,16731,0,1277,FALSE,TRUE,TRUE,FALSE,TRUE,3,TRUE,TRUE,2,0,2,1,FALSE,FALSE,0.324709396189861,"(0.184,0.791]",4
"TCGA.YL.A8S9.01",44,1380,22136,0,1216,TRUE,TRUE,TRUE,FALSE,TRUE,3,TRUE,TRUE,2,0,2,1,TRUE,FALSE,0.106554730384243,"(0.0836,0.184]",3
"TCGA.YL.A8SA.01",6,0,22842,1905,23,TRUE,TRUE,FALSE,TRUE,FALSE,2,TRUE,TRUE,2,0,1,1,TRUE,FALSE,0.0780594123345173,"(0.031,0.0836]",2
"TCGA.YL.A8SB.01",0,2682,17993,4101,0,FALSE,FALSE,TRUE,TRUE,FALSE,2,TRUE,TRUE,2,0,1,1,FALSE,FALSE,0.273773006134969,"(0.184,0.791]",4
"TCGA.YL.A8SC.01",0,1882,20426,2405,63,TRUE,FALSE,TRUE,TRUE,TRUE,3,TRUE,TRUE,2,0,1,2,FALSE,FALSE,0.175573135292218,"(0.0836,0.184]",3
"TCGA.YL.A8SF.01",1,1189,21802,1752,32,TRUE,FALSE,TRUE,TRUE,FALSE,2,TRUE,TRUE,2,0,1,1,FALSE,FALSE,0.120035518243461,"(0.0836,0.184]",3
"TCGA.YL.A8SH.01",29,0,23602,0,1145,TRUE,TRUE,FALSE,FALSE,TRUE,2,TRUE,TRUE,2,0,1,1,TRUE,FALSE,0.0473845657087504,"(0.031,0.0836]",2
"TCGA.YL.A8SI.01",0,0,24388,0,388,FALSE,FALSE,FALSE,FALSE,TRUE,1,FALSE,TRUE,1,2,0,1,TRUE,FALSE,0.0156603164352599,"[0,0.031]",1
"TCGA.YL.A8SJ.01",55,0,16383,8320,18,FALSE,TRUE,FALSE,TRUE,FALSE,2,TRUE,TRUE,2,0,1,1,FALSE,FALSE,0.338755247013239,"(0.184,0.791]",4
"TCGA.YL.A8SK.01",78,2930,18510,3254,4,FALSE,TRUE,TRUE,TRUE,FALSE,3,TRUE,TRUE,2,0,2,1,FALSE,FALSE,0.252906038101388,"(0.184,0.791]",4
"TCGA.YL.A8SL.01",0,1944,12994,9745,93,FALSE,FALSE,TRUE,TRUE,TRUE,3,TRUE,TRUE,2,0,1,2,FALSE,FALSE,0.475540845979981,"(0.184,0.791]",4
"TCGA.YL.A8SO.01",10,3304,18942,2496,24,FALSE,TRUE,TRUE,TRUE,FALSE,3,TRUE,TRUE,2,0,2,1,FALSE,FALSE,0.235469809493058,"(0.184,0.791]",4
"TCGA.YL.A8SP.01",1,1021,21875,1864,15,TRUE,FALSE,TRUE,TRUE,FALSE,2,TRUE,TRUE,2,0,1,1,FALSE,FALSE,0.117089118501776,"(0.0836,0.184]",3
"TCGA.YL.A8SQ.01",323,7423,7078,9951,1,FALSE,TRUE,TRUE,TRUE,FALSE,3,TRUE,TRUE,2,0,2,1,FALSE,FALSE,0.714320309977397,"(0.184,0.791]",4
"TCGA.YL.A8SR.01",0,2797,19770,2196,13,FALSE,FALSE,TRUE,TRUE,FALSE,2,TRUE,TRUE,2,0,1,1,FALSE,FALSE,0.202050371327091,"(0.184,0.791]",4
"TCGA.YL.A9WH.01",398,8482,9373,6506,17,FALSE,TRUE,TRUE,TRUE,FALSE,3,TRUE,TRUE,2,0,2,1,FALSE,FALSE,0.621690345495641,"(0.184,0.791]",4
"TCGA.YL.A9WI.01",18,7215,16453,1090,0,FALSE,TRUE,TRUE,TRUE,FALSE,3,TRUE,TRUE,2,0,2,1,FALSE,FALSE,0.335929932192444,"(0.184,0.791]",4
"TCGA.YL.A9WJ.01",1,2303,21287,0,1185,TRUE,FALSE,TRUE,FALSE,TRUE,2,TRUE,TRUE,2,0,1,1,TRUE,FALSE,0.140821762996448,"(0.0836,0.184]",3
"TCGA.YL.A9WK.01",1,2912,14322,7268,273,FALSE,FALSE,TRUE,TRUE,TRUE,3,TRUE,TRUE,2,0,1,2,FALSE,FALSE,0.421940587665483,"(0.184,0.791]",4
"TCGA.YL.A9WL.01",0,561,17038,6986,191,FALSE,FALSE,TRUE,TRUE,TRUE,3,TRUE,TRUE,2,0,1,2,FALSE,FALSE,0.312318372618663,"(0.184,0.791]",4
"TCGA.YL.A9WX.01",0,525,22064,2062,125,TRUE,FALSE,TRUE,TRUE,TRUE,3,TRUE,TRUE,2,0,1,2,FALSE,FALSE,0.109460768485631,"(0.0836,0.184]",3
"TCGA.YL.A9WY.01",330,965,18946,4486,49,FALSE,TRUE,TRUE,TRUE,TRUE,4,TRUE,TRUE,2,0,2,2,FALSE,FALSE,0.23530836293187,"(0.184,0.791]",4
"TCGA.ZG.A8QW.01",6,0,22897,1867,6,TRUE,TRUE,FALSE,TRUE,FALSE,2,TRUE,TRUE,2,0,1,1,TRUE,FALSE,0.0758395221181789,"(0.031,0.0836]",2
"TCGA.ZG.A8QX.01",2,1164,22928,0,682,TRUE,FALSE,TRUE,FALSE,TRUE,2,TRUE,TRUE,2,0,1,1,TRUE,FALSE,0.07458831126897,"(0.031,0.0836]",2
"TCGA.ZG.A8QY.01",169,0,22615,0,1992,TRUE,TRUE,FALSE,FALSE,TRUE,2,TRUE,TRUE,2,0,1,1,TRUE,FALSE,0.0872215046819503,"(0.0836,0.184]",3
"TCGA.ZG.A8QZ.01",2,1031,22777,0,966,TRUE,FALSE,TRUE,FALSE,TRUE,2,TRUE,TRUE,2,0,1,1,TRUE,FALSE,0.0806829189538263,"(0.031,0.0836]",2
"TCGA.ZG.A9KY.01",612,2971,11882,9022,289,FALSE,TRUE,TRUE,TRUE,TRUE,4,TRUE,TRUE,2,0,2,2,FALSE,FALSE,0.520422989990313,"(0.184,0.791]",4
"TCGA.ZG.A9L0.01",44,8378,10090,5699,565,FALSE,TRUE,TRUE,TRUE,TRUE,4,TRUE,TRUE,2,0,2,2,FALSE,FALSE,0.592751049402648,"(0.184,0.791]",4
"TCGA.ZG.A9L1.01",0,8592,14828,0,1356,FALSE,FALSE,TRUE,FALSE,TRUE,2,TRUE,TRUE,2,0,1,1,FALSE,FALSE,0.40151759767517,"(0.184,0.791]",4
"TCGA.ZG.A9L2.01",676,0,22562,1534,4,TRUE,TRUE,FALSE,TRUE,FALSE,2,TRUE,TRUE,2,0,1,1,FALSE,FALSE,0.0893606716176945,"(0.0836,0.184]",3
"TCGA.ZG.A9L4.01",0,0,21965,2777,34,TRUE,FALSE,FALSE,TRUE,FALSE,1,FALSE,TRUE,1,2,0,1,TRUE,FALSE,0.11345657087504,"(0.0836,0.184]",3
"TCGA.ZG.A9L5.01",531,8366,6117,8905,857,FALSE,TRUE,TRUE,TRUE,TRUE,4,TRUE,TRUE,2,0,2,2,FALSE,FALSE,0.753107846302874,"(0.184,0.791]",4
"TCGA.ZG.A9L6.01",1,442,23264,0,1069,TRUE,FALSE,TRUE,FALSE,TRUE,2,TRUE,TRUE,2,0,1,1,TRUE,FALSE,0.0610268001291572,"(0.031,0.0836]",2
"TCGA.ZG.A9L9.01",3,3627,13446,7394,306,FALSE,FALSE,TRUE,TRUE,TRUE,3,TRUE,TRUE,2,0,1,2,FALSE,FALSE,0.457297384565709,"(0.184,0.791]",4
"TCGA.ZG.A9LB.01",556,7292,11247,5548,133,FALSE,TRUE,TRUE,TRUE,TRUE,4,TRUE,TRUE,2,0,2,2,FALSE,FALSE,0.546052631578947,"(0.184,0.791]",4
"TCGA.ZG.A9LM.01",0,3038,10823,10868,47,FALSE,FALSE,TRUE,TRUE,TRUE,3,TRUE,TRUE,2,0,1,2,FALSE,FALSE,0.563165967064902,"(0.184,0.791]",4
"TCGA.ZG.A9LN.01",705,4446,19351,0,274,FALSE,TRUE,TRUE,FALSE,TRUE,3,TRUE,TRUE,2,0,2,1,FALSE,FALSE,0.21896189861156,"(0.184,0.791]",4
"TCGA.ZG.A9LS.01",442,3210,18283,2839,2,FALSE,TRUE,TRUE,TRUE,FALSE,3,TRUE,TRUE,2,0,2,1,FALSE,FALSE,0.262068130448821,"(0.184,0.791]",4
"TCGA.ZG.A9LU.01",9,2095,18466,4195,11,FALSE,TRUE,TRUE,TRUE,FALSE,3,TRUE,TRUE,2,0,2,1,FALSE,FALSE,0.254681950274459,"(0.184,0.791]",4
"TCGA.ZG.A9LY.01",1,3349,20001,0,1425,FALSE,FALSE,TRUE,FALSE,TRUE,2,TRUE,TRUE,2,0,1,1,FALSE,FALSE,0.192726832418469,"(0.184,0.791]",4
"TCGA.ZG.A9LZ.01",0,7202,11245,6004,325,FALSE,FALSE,TRUE,TRUE,TRUE,3,TRUE,TRUE,2,0,1,2,FALSE,FALSE,0.546133354859542,"(0.184,0.791]",4
"TCGA.ZG.A9M4.01",54,6841,6876,11005,0,FALSE,TRUE,TRUE,TRUE,FALSE,3,TRUE,TRUE,2,0,2,1,FALSE,FALSE,0.722473361317404,"(0.184,0.791]",4
"TCGA.ZG.A9MC.01",256,599,22464,1427,30,TRUE,TRUE,TRUE,TRUE,FALSE,3,TRUE,TRUE,2,0,2,1,FALSE,FALSE,0.0933161123668066,"(0.0836,0.184]",3
"TCGA.ZG.A9N3.01",511,6079,8883,8696,607,FALSE,TRUE,TRUE,TRUE,TRUE,4,TRUE,TRUE,2,0,2,2,FALSE,FALSE,0.641467549241201,"(0.184,0.791]",4
"TCGA.ZG.A9ND.01",556,0,20893,3327,0,TRUE,TRUE,FALSE,TRUE,FALSE,2,TRUE,TRUE,2,0,1,1,FALSE,FALSE,0.15672424927349,"(0.0836,0.184]",3
"TCGA.ZG.A9NI.01",11,7027,13682,4044,12,FALSE,TRUE,TRUE,TRUE,FALSE,3,TRUE,TRUE,2,0,2,1,FALSE,FALSE,0.447772037455602,"(0.184,0.791]",4
